timestamp,flight_state,est_altitude_m,est_vertical_velocity_mps,baro_altitude_m,imu_ok,baro_ok,gnss_ok,temp_ok,battery_ok,gps_fix
0.000,PRELAUNCH,0.00,0.00,0.00,1,1,1,1,1,0
0.020,PRELAUNCH,0.05,0.00,0.05,1,1,1,1,1,0
0.040,PRELAUNCH,-0.02,-0.14,-0.09,1,1,1,1,1,0
0.060,PRELAUNCH,0.01,0.00,0.05,1,1,1,1,1,0
0.080,PRELAUNCH,-0.04,-0.38,-0.14,1,1,1,1,1,0
0.100,PRELAUNCH,-0.04,-0.30,-0.02,1,1,1,1,1,0
0.120,PRELAUNCH,-0.09,-0.72,-0.19,1,1,1,1,1,0
0.140,PRELAUNCH,-0.23,-1.84,-0.50,1,1,1,1,1,0
0.160,PRELAUNCH,-0.13,-0.67,0.18,1,1,1,1,1,0
0.180,PRELAUNCH,-0.17,-0.88,-0.23,1,1,1,1,1,0
0.200,PRELAUNCH,-0.14,-0.54,-0.02,1,1,1,1,1,0
0.220,PRELAUNCH,-0.10,-0.20,0.03,1,1,1,1,1,0
0.240,PRELAUNCH,-0.04,0.20,0.14,1,1,1,1,1,0
0.260,PRELAUNCH,-0.10,-0.15,-0.27,1,1,1,1,1,0
0.280,PRELAUNCH,0.00,0.36,0.30,1,1,1,1,1,0
0.300,PRELAUNCH,0.05,0.59,0.20,1,1,1,1,1,0
0.320,PRELAUNCH,0.02,0.42,-0.10,1,1,1,1,1,0
0.340,PRELAUNCH,0.00,0.27,-0.13,1,1,1,1,1,0
0.360,PRELAUNCH,0.03,0.37,0.12,1,1,1,1,1,0
0.380,PRELAUNCH,-0.03,0.12,-0.29,1,1,1,1,1,0
0.400,PRELAUNCH,-0.02,0.12,-0.03,1,1,1,1,1,0
0.420,PRELAUNCH,-0.07,-0.04,-0.27,1,1,1,1,1,0
0.440,PRELAUNCH,-0.02,0.13,0.23,1,1,1,1,1,0
0.460,PRELAUNCH,0.06,0.39,0.47,1,1,1,1,1,0
0.480,PRELAUNCH,0.09,0.44,0.17,1,1,1,1,1,0
0.500,PRELAUNCH,0.12,0.50,0.24,1,1,1,1,1,0
0.520,PRELAUNCH,0.11,0.46,0.03,1,1,1,1,1,0
0.540,PRELAUNCH,0.10,0.41,-0.01,1,1,1,1,1,0
0.560,PRELAUNCH,0.08,0.34,-0.10,1,1,1,1,1,0
0.580,PRELAUNCH,0.08,0.32,0.03,1,1,1,1,1,0
0.600,PRELAUNCH,0.07,0.26,-0.08,1,1,1,1,1,0
0.620,PRELAUNCH,-0.01,0.05,-0.63,1,1,1,1,1,0
0.640,PRELAUNCH,0.01,0.10,0.17,1,1,1,1,1,0
0.660,PRELAUNCH,0.00,0.08,-0.08,1,1,1,1,1,0
0.680,PRELAUNCH,-0.04,-0.02,-0.39,1,1,1,1,1,0
0.700,PRELAUNCH,0.04,0.15,0.68,1,1,1,1,1,0
0.720,PRELAUNCH,0.05,0.17,0.16,1,1,1,1,1,0
0.740,PRELAUNCH,0.03,0.13,-0.15,1,1,1,1,1,0
0.760,PRELAUNCH,0.01,0.08,-0.18,1,1,1,1,1,0
0.780,PRELAUNCH,-0.01,0.02,-0.29,1,1,1,1,1,0
0.800,PRELAUNCH,-0.03,-0.01,-0.21,1,1,1,1,1,0
0.820,PRELAUNCH,-0.05,-0.05,-0.25,1,1,1,1,1,0
0.840,PRELAUNCH,-0.07,-0.08,-0.23,1,1,1,1,1,0
0.860,PRELAUNCH,-0.06,-0.06,0.06,1,1,1,1,1,0
0.880,PRELAUNCH,-0.06,-0.05,0.01,1,1,1,1,1,0
0.900,PRELAUNCH,-0.09,-0.11,-0.45,1,1,1,1,1,0
0.920,PRELAUNCH,-0.10,-0.12,-0.20,1,1,1,1,1,0
0.940,PRELAUNCH,-0.08,-0.09,0.17,1,1,1,1,1,0
0.960,PRELAUNCH,-0.05,-0.03,0.34,1,1,1,1,1,0
0.980,PRELAUNCH,-0.07,-0.06,-0.32,1,1,1,1,1,0
1.000,PRELAUNCH,-0.08,-0.07,-0.14,1,1,1,1,1,0
1.020,PRELAUNCH,-0.09,-0.09,-0.23,1,1,1,1,1,0
1.040,PRELAUNCH,-0.08,-0.08,0.00,1,1,1,1,1,0
1.060,PRELAUNCH,-0.04,-0.01,0.55,1,1,1,1,1,0
1.080,PRELAUNCH,-0.02,0.01,0.19,1,1,1,1,1,0
1.100,PRELAUNCH,-0.01,0.02,0.09,1,1,1,1,1,0
1.120,PRELAUNCH,-0.03,0.00,-0.24,1,1,1,1,1,0
1.140,PRELAUNCH,-0.04,-0.02,-0.19,1,1,1,1,1,0
1.160,PRELAUNCH,-0.02,0.01,0.28,1,1,1,1,1,0
1.180,PRELAUNCH,-0.02,0.01,-0.05,1,1,1,1,1,0
1.200,PRELAUNCH,-0.03,0.00,-0.17,1,1,1,1,1,0
1.220,PRELAUNCH,-0.05,-0.02,-0.27,1,1,1,1,1,0
1.240,PRELAUNCH,-0.01,0.03,0.55,1,1,1,1,1,0
1.260,PRELAUNCH,-0.01,0.03,0.03,1,1,1,1,1,0
1.280,PRELAUNCH,0.00,0.04,0.08,1,1,1,1,1,0
1.300,PRELAUNCH,0.01,0.05,0.15,1,1,1,1,1,0
1.320,PRELAUNCH,0.01,0.05,0.03,1,1,1,1,1,0
1.340,PRELAUNCH,0.01,0.04,-0.09,1,1,1,1,1,0
1.360,PRELAUNCH,0.02,0.05,0.14,1,1,1,1,1,0
1.380,PRELAUNCH,0.00,0.03,-0.32,1,1,1,1,1,0
1.400,PRELAUNCH,0.00,0.04,0.12,1,1,1,1,1,0
1.420,PRELAUNCH,0.02,0.05,0.23,1,1,1,1,1,0
1.440,PRELAUNCH,0.01,0.04,-0.14,1,1,1,1,1,0
1.460,PRELAUNCH,0.00,0.03,-0.10,1,1,1,1,1,0
1.480,PRELAUNCH,0.00,0.03,-0.05,1,1,1,1,1,0
1.500,PRELAUNCH,0.01,0.04,0.23,1,1,1,1,1,0
1.520,PRELAUNCH,0.02,0.05,0.14,1,1,1,1,1,0
1.540,PRELAUNCH,0.02,0.04,-0.11,1,1,1,1,1,0
1.560,PRELAUNCH,0.03,0.05,0.22,1,1,1,1,1,0
1.580,PRELAUNCH,0.00,0.02,-0.54,1,1,1,1,1,0
1.600,PRELAUNCH,0.00,0.02,-0.07,1,1,1,1,1,0
1.620,PRELAUNCH,0.01,0.03,0.22,1,1,1,1,1,0
1.640,PRELAUNCH,0.02,0.04,0.17,1,1,1,1,1,0
1.660,PRELAUNCH,0.00,0.02,-0.42,1,1,1,1,1,0
1.680,PRELAUNCH,-0.02,0.00,-0.35,1,1,1,1,1,0
1.700,PRELAUNCH,-0.03,0.00,-0.13,1,1,1,1,1,0
1.720,PRELAUNCH,-0.02,0.00,0.01,1,1,1,1,1,0
1.740,PRELAUNCH,-0.03,0.00,-0.07,1,1,1,1,1,0
1.760,PRELAUNCH,-0.04,-0.02,-0.33,1,1,1,1,1,0
1.780,PRELAUNCH,-0.04,-0.01,0.04,1,1,1,1,1,0
1.800,PRELAUNCH,-0.03,-0.01,0.01,1,1,1,1,1,0
1.820,PRELAUNCH,-0.04,-0.02,-0.19,1,1,1,1,1,0
1.840,PRELAUNCH,-0.04,-0.02,-0.05,1,1,1,1,1,0
1.860,PRELAUNCH,-0.04,-0.01,0.06,1,1,1,1,1,0
1.880,PRELAUNCH,-0.03,0.00,0.23,1,1,1,1,1,0
1.900,PRELAUNCH,-0.03,-0.01,-0.11,1,1,1,1,1,0
1.920,PRELAUNCH,-0.04,-0.01,-0.14,1,1,1,1,1,0
1.940,PRELAUNCH,-0.03,-0.01,0.05,1,1,1,1,1,0
1.960,PRELAUNCH,-0.03,0.00,0.09,1,1,1,1,1,0
1.980,PRELAUNCH,-0.03,-0.01,-0.21,1,1,1,1,1,0
2.000,PRELAUNCH,-0.03,-0.01,0.06,1,1,1,1,1,3
2.020,PRELAUNCH,-0.03,0.00,0.10,1,1,1,1,1,3
2.040,PRELAUNCH,-0.03,0.00,-0.05,1,1,1,1,1,3
2.060,PRELAUNCH,-0.02,0.00,0.08,1,1,1,1,1,3
2.080,PRELAUNCH,-0.03,0.00,-0.17,1,1,1,1,1,3
2.100,PRELAUNCH,-0.02,0.01,0.13,1,1,1,1,1,3
2.120,PRELAUNCH,-0.01,0.02,0.24,1,1,1,1,1,3
2.140,PRELAUNCH,0.00,0.02,0.18,1,1,1,1,1,3
2.160,PRELAUNCH,0.00,0.03,0.16,1,1,1,1,1,3
2.180,PRELAUNCH,0.00,0.02,-0.08,1,1,1,1,1,3
2.200,PRELAUNCH,-0.01,0.01,-0.25,1,1,1,1,1,3
2.220,PRELAUNCH,0.01,0.03,0.42,1,1,1,1,1,3
2.240,PRELAUNCH,0.02,0.04,0.25,1,1,1,1,1,3
2.260,PRELAUNCH,0.02,0.03,-0.09,1,1,1,1,1,3
2.280,PRELAUNCH,0.02,0.04,0.06,1,1,1,1,1,3
2.300,PRELAUNCH,0.01,0.03,-0.28,1,1,1,1,1,3
2.320,PRELAUNCH,0.01,0.03,0.02,1,1,1,1,1,3
2.340,PRELAUNCH,0.00,0.02,-0.15,1,1,1,1,1,3
2.360,PRELAUNCH,0.01,0.03,0.28,1,1,1,1,1,3
2.380,PRELAUNCH,0.02,0.04,0.28,1,1,1,1,1,3
2.400,PRELAUNCH,0.03,0.04,0.10,1,1,1,1,1,3
2.420,PRELAUNCH,0.02,0.03,-0.29,1,1,1,1,1,3
2.440,PRELAUNCH,0.04,0.05,0.50,1,1,1,1,1,3
2.460,PRELAUNCH,0.03,0.04,-0.21,1,1,1,1,1,3
2.480,PRELAUNCH,0.04,0.05,0.30,1,1,1,1,1,3
2.500,PRELAUNCH,0.04,0.05,0.09,1,1,1,1,1,3
2.520,PRELAUNCH,0.04,0.05,0.02,1,1,1,1,1,3
2.540,PRELAUNCH,0.03,0.04,-0.24,1,1,1,1,1,3
2.560,PRELAUNCH,0.01,0.02,-0.55,1,1,1,1,1,3
2.580,PRELAUNCH,0.00,0.02,-0.22,1,1,1,1,1,3
2.600,PRELAUNCH,-0.01,0.01,-0.25,1,1,1,1,1,3
2.620,PRELAUNCH,0.00,0.01,0.10,1,1,1,1,1,3
2.640,PRELAUNCH,-0.01,0.00,-0.18,1,1,1,1,1,3
2.660,PRELAUNCH,-0.01,0.00,0.08,1,1,1,1,1,3
2.680,PRELAUNCH,-0.01,0.00,-0.13,1,1,1,1,1,3
2.700,PRELAUNCH,-0.03,-0.02,-0.46,1,1,1,1,1,3
2.720,PRELAUNCH,-0.02,-0.01,0.18,1,1,1,1,1,3
2.740,PRELAUNCH,-0.02,-0.01,-0.10,1,1,1,1,1,3
2.760,PRELAUNCH,-0.03,-0.02,-0.16,1,1,1,1,1,3
2.780,PRELAUNCH,-0.02,-0.01,0.28,1,1,1,1,1,3
2.800,PRELAUNCH,-0.04,-0.02,-0.52,1,1,1,1,1,3
2.820,PRELAUNCH,-0.03,-0.01,0.20,1,1,1,1,1,3
2.840,PRELAUNCH,-0.01,0.00,0.39,1,1,1,1,1,3
2.860,PRELAUNCH,0.00,0.01,0.23,1,1,1,1,1,3
2.880,PRELAUNCH,0.00,0.02,0.21,1,1,1,1,1,3
2.900,PRELAUNCH,0.01,0.02,0.07,1,1,1,1,1,3
2.920,PRELAUNCH,0.01,0.02,0.06,1,1,1,1,1,3
2.940,PRELAUNCH,0.00,0.01,-0.21,1,1,1,1,1,3
2.960,PRELAUNCH,0.01,0.02,0.22,1,1,1,1,1,3
2.980,PRELAUNCH,0.02,0.03,0.34,1,1,1,1,1,3
3.000,PRELAUNCH,0.02,0.03,-0.09,1,1,1,1,1,3
3.020,PRELAUNCH,0.02,0.03,-0.05,1,1,1,1,1,3
3.040,PRELAUNCH,0.00,0.01,-0.55,1,1,1,1,1,3
3.060,PRELAUNCH,0.00,0.01,0.02,1,1,1,1,1,3
3.080,PRELAUNCH,-0.02,0.00,-0.42,1,1,1,1,1,3
3.100,PRELAUNCH,-0.03,-0.02,-0.44,1,1,1,1,1,3
3.120,PRELAUNCH,-0.03,-0.01,0.12,1,1,1,1,1,3
3.140,PRELAUNCH,-0.04,-0.02,-0.27,1,1,1,1,1,3
3.160,PRELAUNCH,-0.03,-0.02,0.21,1,1,1,1,1,3
3.180,PRELAUNCH,-0.03,-0.02,-0.04,1,1,1,1,1,3
3.200,PRELAUNCH,-0.03,-0.02,-0.13,1,1,1,1,1,3
3.220,PRELAUNCH,-0.04,-0.02,-0.11,1,1,1,1,1,3
3.240,PRELAUNCH,-0.04,-0.03,-0.14,1,1,1,1,1,3
3.260,PRELAUNCH,-0.05,-0.04,-0.40,1,1,1,1,1,3
3.280,PRELAUNCH,-0.06,-0.04,-0.15,1,1,1,1,1,3
3.300,PRELAUNCH,-0.06,-0.04,0.02,1,1,1,1,1,3
3.320,PRELAUNCH,-0.06,-0.03,-0.04,1,1,1,1,1,3
3.340,PRELAUNCH,-0.07,-0.04,-0.32,1,1,1,1,1,3
3.360,PRELAUNCH,-0.07,-0.05,-0.21,1,1,1,1,1,3
3.380,PRELAUNCH,-0.09,-0.06,-0.50,1,1,1,1,1,3
3.400,PRELAUNCH,-0.09,-0.06,-0.01,1,1,1,1,1,3
3.420,PRELAUNCH,-0.08,-0.06,0.05,1,1,1,1,1,3
3.440,PRELAUNCH,-0.08,-0.06,-0.01,1,1,1,1,1,3
3.460,PRELAUNCH,-0.08,-0.06,-0.06,1,1,1,1,1,3
3.480,PRELAUNCH,-0.10,-0.07,-0.53,1,1,1,1,1,3
3.500,PRELAUNCH,-0.10,-0.07,0.06,1,1,1,1,1,3
3.520,PRELAUNCH,-0.10,-0.07,-0.11,1,1,1,1,1,3
3.540,PRELAUNCH,-0.09,-0.06,0.17,1,1,1,1,1,3
3.560,PRELAUNCH,-0.09,-0.06,-0.04,1,1,1,1,1,3
3.580,PRELAUNCH,-0.08,-0.05,0.12,1,1,1,1,1,3
3.600,PRELAUNCH,-0.10,-0.07,-0.48,1,1,1,1,1,3
3.620,PRELAUNCH,-0.07,-0.04,0.57,1,1,1,1,1,3
3.640,PRELAUNCH,-0.08,-0.05,-0.22,1,1,1,1,1,3
3.660,PRELAUNCH,-0.08,-0.04,0.07,1,1,1,1,1,3
3.680,PRELAUNCH,-0.06,-0.02,0.38,1,1,1,1,1,3
3.700,PRELAUNCH,-0.07,-0.03,-0.25,1,1,1,1,1,3
3.720,PRELAUNCH,-0.07,-0.03,-0.01,1,1,1,1,1,3
3.740,PRELAUNCH,-0.05,-0.01,0.54,1,1,1,1,1,3
3.760,PRELAUNCH,-0.05,-0.01,-0.14,1,1,1,1,1,3
3.780,PRELAUNCH,-0.04,0.00,0.22,1,1,1,1,1,3
3.800,PRELAUNCH,-0.04,0.00,-0.04,1,1,1,1,1,3
3.820,PRELAUNCH,-0.03,0.00,0.28,1,1,1,1,1,3
3.840,PRELAUNCH,-0.04,-0.01,-0.30,1,1,1,1,1,3
3.860,PRELAUNCH,-0.04,-0.01,-0.11,1,1,1,1,1,3
3.880,PRELAUNCH,-0.06,-0.02,-0.48,1,1,1,1,1,3
3.900,PRELAUNCH,-0.06,-0.03,-0.21,1,1,1,1,1,3
3.920,PRELAUNCH,-0.06,-0.02,0.10,1,1,1,1,1,3
3.940,PRELAUNCH,-0.03,0.00,0.69,1,1,1,1,1,3
3.960,PRELAUNCH,-0.04,0.00,-0.17,1,1,1,1,1,3
3.980,PRELAUNCH,-0.03,0.00,0.05,1,1,1,1,1,3
4.000,PRELAUNCH,-0.03,0.00,-0.03,1,1,1,1,1,3
4.020,PRELAUNCH,-0.04,-0.01,-0.13,1,1,1,1,1,3
4.040,PRELAUNCH,-0.02,0.00,0.34,1,1,1,1,1,3
4.060,PRELAUNCH,-0.03,0.00,-0.32,1,1,1,1,1,3
4.080,PRELAUNCH,-0.04,-0.01,-0.21,1,1,1,1,1,3
4.100,PRELAUNCH,-0.05,-0.02,-0.23,1,1,1,1,1,3
4.120,PRELAUNCH,-0.04,-0.01,0.07,1,1,1,1,1,3
4.140,PRELAUNCH,-0.03,0.00,0.22,1,1,1,1,1,3
4.160,PRELAUNCH,-0.02,0.01,0.34,1,1,1,1,1,3
4.180,PRELAUNCH,-0.01,0.02,0.18,1,1,1,1,1,3
4.200,PRELAUNCH,0.00,0.02,0.27,1,1,1,1,1,3
4.220,PRELAUNCH,0.00,0.03,0.14,1,1,1,1,1,3
4.240,PRELAUNCH,0.01,0.04,0.20,1,1,1,1,1,3
4.260,PRELAUNCH,0.02,0.04,0.22,1,1,1,1,1,3
4.280,PRELAUNCH,0.02,0.04,0.05,1,1,1,1,1,3
4.300,PRELAUNCH,0.02,0.04,-0.01,1,1,1,1,1,3
4.320,PRELAUNCH,0.01,0.03,-0.33,1,1,1,1,1,3
4.340,PRELAUNCH,-0.01,0.01,-0.38,1,1,1,1,1,3
4.360,PRELAUNCH,0.01,0.02,0.29,1,1,1,1,1,3
4.380,PRELAUNCH,0.01,0.02,0.02,1,1,1,1,1,3
4.400,PRELAUNCH,0.01,0.03,0.14,1,1,1,1,1,3
4.420,PRELAUNCH,0.01,0.03,0.07,1,1,1,1,1,3
4.440,PRELAUNCH,0.01,0.03,-0.01,1,1,1,1,1,3
4.460,PRELAUNCH,0.02,0.03,0.14,1,1,1,1,1,3
4.480,PRELAUNCH,0.02,0.03,0.01,1,1,1,1,1,3
4.500,PRELAUNCH,0.01,0.02,-0.31,1,1,1,1,1,3
4.520,PRELAUNCH,0.02,0.03,0.24,1,1,1,1,1,3
4.540,PRELAUNCH,0.01,0.03,-0.07,1,1,1,1,1,3
4.560,PRELAUNCH,0.00,0.02,-0.41,1,1,1,1,1,3
4.580,PRELAUNCH,0.00,0.01,-0.09,1,1,1,1,1,3
4.600,PRELAUNCH,-0.01,0.01,-0.10,1,1,1,1,1,3
4.620,PRELAUNCH,0.00,0.01,0.07,1,1,1,1,1,3
4.640,PRELAUNCH,-0.01,0.01,-0.09,1,1,1,1,1,3
4.660,PRELAUNCH,-0.01,0.01,-0.09,1,1,1,1,1,3
4.680,PRELAUNCH,0.01,0.03,0.58,1,1,1,1,1,3
4.700,PRELAUNCH,0.03,0.04,0.52,1,1,1,1,1,3
4.720,PRELAUNCH,0.02,0.03,-0.27,1,1,1,1,1,3
4.740,PRELAUNCH,0.03,0.04,0.18,1,1,1,1,1,3
4.760,PRELAUNCH,0.03,0.04,0.14,1,1,1,1,1,3
4.780,PRELAUNCH,0.04,0.05,0.32,1,1,1,1,1,3
4.800,PRELAUNCH,0.02,0.03,-0.60,1,1,1,1,1,3
4.820,PRELAUNCH,0.02,0.02,-0.14,1,1,1,1,1,3
4.840,PRELAUNCH,0.02,0.03,0.17,1,1,1,1,1,3
4.860,PRELAUNCH,0.03,0.03,0.17,1,1,1,1,1,3
4.880,PRELAUNCH,0.03,0.04,0.13,1,1,1,1,1,3
4.900,PRELAUNCH,0.03,0.03,-0.05,1,1,1,1,1,3
4.920,PRELAUNCH,0.04,0.04,0.31,1,1,1,1,1,3
4.940,PRELAUNCH,0.04,0.04,0.00,1,1,1,1,1,3
4.960,PRELAUNCH,0.05,0.04,0.18,1,1,1,1,1,3
4.980,PRELAUNCH,0.05,0.05,0.15,1,1,1,1,1,3
5.000,PRELAUNCH,0.05,0.05,-0.04,1,1,1,1,1,3
5.020,PRELAUNCH,0.05,0.95,-0.06,1,1,1,1,1,3
5.040,PRELAUNCH,0.09,1.87,0.24,1,1,1,1,1,3
5.060,PRELAUNCH,0.13,2.76,-0.04,1,1,1,1,1,3
5.080,ASCENT,0.20,3.67,0.32,1,1,1,1,1,3
5.100,ASCENT,0.27,4.57,0.17,1,1,1,1,1,3
5.120,ASCENT,0.36,5.46,-0.12,1,1,1,1,1,3
5.140,ASCENT,0.47,6.35,0.44,1,1,1,1,1,3
5.160,ASCENT,0.60,7.26,0.41,1,1,1,1,1,3
5.180,ASCENT,0.75,8.14,0.56,1,1,1,1,1,3
5.200,ASCENT,0.92,9.04,0.80,1,1,1,1,1,3
5.220,ASCENT,1.11,9.95,1.25,1,1,1,1,1,3
5.240,ASCENT,1.32,10.85,1.33,1,1,1,1,1,3
5.260,ASCENT,1.56,11.77,1.93,1,1,1,1,1,3
5.280,ASCENT,1.81,12.69,2.01,1,1,1,1,1,3
5.300,ASCENT,2.08,13.59,2.13,1,1,1,1,1,3
5.320,ASCENT,2.34,14.44,1.80,1,1,1,1,1,3
5.340,ASCENT,2.64,15.36,2.74,1,1,1,1,1,3
5.360,ASCENT,2.94,16.24,2.61,1,1,1,1,1,3
5.380,ASCENT,3.27,17.13,3.13,1,1,1,1,1,3
5.400,ASCENT,3.62,18.01,3.47,1,1,1,1,1,3
5.420,ASCENT,3.99,18.91,4.06,1,1,1,1,1,3
5.440,ASCENT,4.38,19.80,4.49,1,1,1,1,1,3
5.460,ASCENT,4.79,20.70,4.94,1,1,1,1,1,3
5.480,ASCENT,5.20,21.59,4.86,1,1,1,1,1,3
5.500,ASCENT,5.65,22.48,5.74,1,1,1,1,1,3
5.520,ASCENT,6.11,23.37,6.19,1,1,1,1,1,3
5.540,ASCENT,6.59,24.26,6.90,1,1,1,1,1,3
5.560,ASCENT,7.09,25.15,7.24,1,1,1,1,1,3
5.580,ASCENT,7.60,26.02,7.51,1,1,1,1,1,3
5.600,ASCENT,8.13,26.88,8.18,1,1,1,1,1,3
5.620,ASCENT,8.68,27.77,8.67,1,1,1,1,1,3
5.640,ASCENT,9.24,28.65,9.21,1,1,1,1,1,3
5.660,ASCENT,9.82,29.54,9.63,1,1,1,1,1,3
5.680,ASCENT,10.43,30.43,10.86,1,1,1,1,1,3
5.700,ASCENT,11.05,31.30,11.03,1,1,1,1,1,3
5.720,ASCENT,11.69,32.18,11.86,1,1,1,1,1,3
5.740,ASCENT,12.36,33.06,12.80,1,1,1,1,1,3
5.760,ASCENT,13.03,33.96,13.20,1,1,1,1,1,3
5.780,ASCENT,13.71,34.81,13.28,1,1,1,1,1,3
5.800,ASCENT,14.41,35.68,14.33,1,1,1,1,1,3
5.820,ASCENT,15.13,36.54,15.22,1,1,1,1,1,3
5.840,ASCENT,15.87,37.41,15.86,1,1,1,1,1,3
5.860,ASCENT,16.63,38.28,16.72,1,1,1,1,1,3
5.880,ASCENT,17.41,39.16,17.59,1,1,1,1,1,3
5.900,ASCENT,18.19,40.02,17.87,1,1,1,1,1,3
5.920,ASCENT,19.01,40.87,19.18,1,1,1,1,1,3
5.940,ASCENT,19.84,41.72,19.90,1,1,1,1,1,3
5.960,ASCENT,20.68,42.57,20.60,1,1,1,1,1,3
5.980,ASCENT,21.54,43.42,21.60,1,1,1,1,1,3
6.000,ASCENT,22.41,44.28,22.25,1,1,1,1,1,3
6.020,ASCENT,23.30,45.12,23.06,1,1,1,1,1,3
6.040,ASCENT,24.21,45.96,24.19,1,1,1,1,1,3
6.060,ASCENT,25.14,46.82,25.29,1,1,1,1,1,3
6.080,ASCENT,26.09,47.67,26.30,1,1,1,1,1,3
6.100,ASCENT,27.06,48.53,27.30,1,1,1,1,1,3
6.120,ASCENT,28.05,49.40,28.29,1,1,1,1,1,3
6.140,ASCENT,29.05,50.24,29.07,1,1,1,1,1,3
6.160,ASCENT,30.07,51.11,30.39,1,1,1,1,1,3
6.180,ASCENT,31.09,51.95,30.87,1,1,1,1,1,3
6.200,ASCENT,32.14,52.77,32.07,1,1,1,1,1,3
6.220,ASCENT,33.21,53.62,33.31,1,1,1,1,1,3
6.240,ASCENT,34.28,54.46,34.21,1,1,1,1,1,3
6.260,ASCENT,35.38,55.30,35.45,1,1,1,1,1,3
6.280,ASCENT,36.51,56.13,36.68,1,1,1,1,1,3
6.300,ASCENT,37.63,56.95,37.41,1,1,1,1,1,3
6.320,ASCENT,38.77,57.75,38.67,1,1,1,1,1,3
6.340,ASCENT,39.94,58.58,39.96,1,1,1,1,1,3
6.360,ASCENT,41.11,59.41,41.02,1,1,1,1,1,3
6.380,ASCENT,42.31,60.22,42.31,1,1,1,1,1,3
6.400,ASCENT,43.52,61.02,43.36,1,1,1,1,1,3
6.420,ASCENT,44.74,61.84,44.70,1,1,1,1,1,3
6.440,ASCENT,45.98,62.64,45.72,1,1,1,1,1,3
6.460,ASCENT,47.23,63.46,47.10,1,1,1,1,1,3
6.480,ASCENT,48.52,64.28,48.86,1,1,1,1,1,3
6.500,ASCENT,49.82,65.08,49.78,1,1,1,1,1,3
6.520,ASCENT,51.11,64.09,51.29,1,1,1,1,1,3
6.540,ASCENT,52.39,63.12,52.37,1,1,1,1,1,3
6.560,ASCENT,53.64,62.17,53.55,1,1,1,1,1,3
6.580,COAST,54.87,61.25,55.03,1,1,1,1,1,3
6.600,COAST,56.09,60.35,56.21,1,1,1,1,1,3
6.620,COAST,57.29,59.47,57.29,1,1,1,1,1,3
6.640,COAST,58.48,58.61,58.54,1,1,1,1,1,3
6.660,COAST,59.64,57.77,59.62,1,1,1,1,1,3
6.680,COAST,60.78,56.94,60.60,1,1,1,1,1,3
6.700,COAST,61.92,56.14,62.19,1,1,1,1,1,3
6.720,COAST,63.04,55.35,63.05,1,1,1,1,1,3
6.740,COAST,64.13,54.57,63.97,1,1,1,1,1,3
6.760,COAST,65.22,53.83,65.45,1,1,1,1,1,3
6.780,COAST,66.28,53.08,66.08,1,1,1,1,1,3
6.800,COAST,67.34,52.36,67.48,1,1,1,1,1,3
6.820,COAST,68.39,51.65,68.58,1,1,1,1,1,3
6.840,COAST,69.42,50.96,69.55,1,1,1,1,1,3
6.860,COAST,70.44,50.28,70.58,1,1,1,1,1,3
6.880,COAST,71.44,49.61,71.52,1,1,1,1,1,3
6.900,COAST,72.43,48.95,72.48,1,1,1,1,1,3
6.920,COAST,73.40,48.31,73.33,1,1,1,1,1,3
6.940,COAST,74.35,47.66,74.16,1,1,1,1,1,3
6.960,COAST,75.31,47.05,75.71,1,1,1,1,1,3
6.980,COAST,76.25,46.45,76.34,1,1,1,1,1,3
7.000,COAST,77.18,45.85,77.34,1,1,1,1,1,3
7.020,COAST,78.10,45.26,78.26,1,1,1,1,1,3
7.040,COAST,79.01,44.69,79.28,1,1,1,1,1,3
7.060,COAST,79.90,44.13,80.07,1,1,1,1,1,3
7.080,COAST,80.78,43.56,80.76,1,1,1,1,1,3
7.100,COAST,81.65,43.02,81.80,1,1,1,1,1,3
7.120,COAST,82.52,42.49,82.94,1,1,1,1,1,3
7.140,COAST,83.36,41.95,83.37,1,1,1,1,1,3
7.160,COAST,84.18,41.42,83.87,1,1,1,1,1,3
7.180,COAST,85.01,40.90,84.99,1,1,1,1,1,3
7.200,COAST,85.82,40.39,85.95,1,1,1,1,1,3
7.220,COAST,86.61,39.88,86.25,1,1,1,1,1,3
7.240,COAST,87.40,39.38,87.34,1,1,1,1,1,3
7.260,COAST,88.19,38.90,88.25,1,1,1,1,1,3
7.280,COAST,88.97,38.43,89.30,1,1,1,1,1,3
7.300,COAST,89.72,37.94,89.35,1,1,1,1,1,3
7.320,COAST,90.47,37.47,90.36,1,1,1,1,1,3
7.340,COAST,91.22,37.01,91.13,1,1,1,1,1,3
7.360,COAST,91.96,36.57,92.26,1,1,1,1,1,3
7.380,COAST,92.68,36.12,92.53,1,1,1,1,1,3
7.400,COAST,93.40,35.67,93.22,1,1,1,1,1,3
7.420,COAST,94.11,35.24,94.21,1,1,1,1,1,3
7.440,COAST,94.81,34.81,94.83,1,1,1,1,1,3
7.460,COAST,95.50,34.39,95.40,1,1,1,1,1,3
7.480,COAST,96.20,33.99,96.67,1,1,1,1,1,3
7.500,COAST,96.87,33.57,96.79,1,1,1,1,1,3
7.520,COAST,97.54,33.17,97.67,1,1,1,1,1,3
7.540,COAST,98.21,32.78,98.51,1,1,1,1,1,3
7.560,COAST,98.86,32.38,98.84,1,1,1,1,1,3
7.580,COAST,99.52,31.99,99.72,1,1,1,1,1,3
7.600,COAST,100.16,31.61,100.34,1,1,1,1,1,3
7.620,COAST,100.77,31.22,100.39,1,1,1,1,1,3
7.640,COAST,101.40,30.85,101.59,1,1,1,1,1,3
7.660,COAST,102.01,30.47,102.02,1,1,1,1,1,3
7.680,COAST,102.62,30.11,102.66,1,1,1,1,1,3
7.700,COAST,103.22,29.74,103.32,1,1,1,1,1,3
7.720,COAST,103.80,29.37,103.45,1,1,1,1,1,3
7.740,COAST,104.39,29.01,104.42,1,1,1,1,1,3
7.760,COAST,104.96,28.66,104.88,1,1,1,1,1,3
7.780,COAST,105.52,28.30,105.25,1,1,1,1,1,3
7.800,COAST,106.07,27.94,105.69,1,1,1,1,1,3
7.820,COAST,106.63,27.60,106.79,1,1,1,1,1,3
7.840,COAST,107.18,27.27,107.26,1,1,1,1,1,3
7.860,COAST,107.71,26.92,107.28,1,1,1,1,1,3
7.880,COAST,108.24,26.58,108.01,1,1,1,1,1,3
7.900,COAST,108.77,26.26,109.05,1,1,1,1,1,3
7.920,COAST,109.30,25.95,109.48,1,1,1,1,1,3
7.940,COAST,109.82,25.63,109.92,1,1,1,1,1,3
7.960,COAST,110.32,25.30,110.17,1,1,1,1,1,3
7.980,COAST,110.83,24.99,110.98,1,1,1,1,1,3
8.000,COAST,111.32,24.67,111.08,1,1,1,1,1,3
8.020,COAST,111.82,24.37,112.05,1,1,0,1,1,3
8.040,COAST,112.33,24.08,112.93,1,1,0,1,1,3
8.060,COAST,112.80,23.77,112.57,1,1,0,1,1,3
8.080,COAST,113.27,23.47,113.18,1,1,0,1,1,3
8.100,COAST,113.73,23.17,113.56,1,1,0,1,1,3
8.120,COAST,114.19,22.88,114.42,1,1,0,1,1,3
8.140,COAST,114.64,22.58,114.50,1,1,0,1,1,3
8.160,COAST,115.08,22.28,114.77,1,1,0,1,1,3
8.180,COAST,115.52,21.99,115.30,1,1,0,1,1,3
8.200,COAST,115.95,21.69,115.76,1,1,0,1,1,3
8.220,COAST,116.38,21.41,116.39,1,1,0,1,1,3
8.240,COAST,116.80,21.13,116.74,1,1,0,1,1,3
8.260,COAST,117.22,20.85,117.23,1,1,0,1,1,3
8.280,COAST,117.64,20.58,117.83,1,1,0,1,1,3
8.300,COAST,118.05,20.31,118.16,1,1,0,1,1,3
8.320,COAST,118.45,20.03,118.32,1,1,0,1,1,3
8.340,COAST,118.85,19.76,118.79,1,1,0,1,1,3
8.360,COAST,119.26,19.51,119.89,1,1,0,1,1,3
8.380,COAST,119.65,19.25,119.70,1,1,0,1,1,3
8.400,COAST,120.04,18.99,120.09,1,1,0,1,1,3
8.420,COAST,120.42,18.72,120.46,1,1,0,1,1,3
8.440,COAST,120.81,18.48,121.27,1,1,0,1,1,3
8.460,COAST,121.18,18.23,121.32,1,1,0,1,1,3
8.480,COAST,121.54,17.97,121.46,1,1,0,1,1,3
8.500,COAST,121.90,17.72,122.05,1,1,0,1,1,3
8.520,COAST,122.27,17.48,122.64,1,1,0,1,1,3
8.540,COAST,122.62,17.23,122.91,1,1,0,1,1,3
8.560,COAST,122.97,16.99,123.15,1,1,0,1,1,3
8.580,COAST,123.30,16.74,123.18,1,1,0,1,1,3
8.600,COAST,123.63,16.49,123.54,1,1,0,1,1,3
8.620,COAST,123.95,16.23,123.63,1,1,0,1,1,3
8.640,COAST,124.25,15.97,123.78,1,1,0,1,1,3
8.660,COAST,124.56,15.72,124.13,1,1,0,1,1,3
8.680,COAST,124.86,15.47,124.76,1,1,0,1,1,3
8.700,COAST,125.17,15.23,125.22,1,1,0,1,1,3
8.720,COAST,125.48,15.00,125.67,1,1,0,1,1,3
8.740,COAST,125.78,14.77,125.83,1,1,0,1,1,3
8.760,COAST,126.07,14.53,125.94,1,1,0,1,1,3
8.780,COAST,126.36,14.29,126.38,1,1,0,1,1,3
8.800,COAST,126.65,14.07,126.86,1,1,0,1,1,3
8.820,COAST,126.92,13.83,126.66,1,1,0,1,1,3
8.840,COAST,127.18,13.58,126.75,1,1,0,1,1,3
8.860,COAST,127.43,13.34,127.11,1,1,0,1,1,3
8.880,COAST,127.69,13.11,127.55,1,1,0,1,1,3
8.900,COAST,127.94,12.87,127.58,1,1,0,1,1,3
8.920,COAST,128.20,12.65,128.25,1,1,0,1,1,3
8.940,COAST,128.45,12.42,128.45,1,1,0,1,1,3
8.960,COAST,128.70,12.20,128.75,1,1,0,1,1,3
8.980,COAST,128.92,11.96,128.49,1,1,0,1,1,3
9.000,COAST,129.16,11.74,129.21,1,1,1,1,1,3
9.020,COAST,129.39,11.51,129.29,1,1,1,1,1,3
9.040,COAST,129.61,11.28,129.37,1,1,1,1,1,3
9.060,COAST,129.83,11.06,129.77,1,1,1,1,1,3
9.080,COAST,130.05,10.84,129.91,1,1,1,1,1,3
9.100,COAST,130.26,10.63,130.39,1,1,1,1,1,3
9.120,COAST,130.48,10.41,130.57,1,1,1,1,1,3
9.140,COAST,130.68,10.20,130.62,1,1,1,1,1,3
9.160,COAST,130.89,9.98,130.94,1,1,1,1,1,3
9.180,COAST,131.09,9.77,131.22,1,1,1,1,1,3
9.200,COAST,131.27,9.55,131.00,1,1,1,1,1,3
9.220,COAST,131.45,9.33,131.19,1,1,1,1,1,3
9.240,COAST,131.63,9.11,131.36,1,1,1,1,1,3
9.260,COAST,131.81,8.90,131.80,1,1,1,1,1,3
9.280,COAST,131.98,8.68,131.87,1,1,1,1,1,3
9.300,COAST,132.15,8.47,132.04,1,1,1,1,1,3
9.320,COAST,132.31,8.26,132.26,1,1,1,1,1,3
9.340,COAST,132.47,8.05,132.38,1,1,1,1,1,3
9.360,COAST,132.65,7.86,133.18,1,1,1,1,1,3
9.380,COAST,132.81,7.65,132.87,1,1,1,1,1,3
9.400,COAST,132.96,7.44,132.92,1,1,1,1,1,3
9.420,COAST,133.09,7.23,132.77,1,1,1,1,1,3
9.440,COAST,133.24,7.03,133.38,1,1,1,1,1,3
9.460,COAST,133.38,6.82,133.42,1,1,1,1,1,3
9.480,COAST,133.52,6.62,133.57,1,1,1,1,1,3
9.500,COAST,133.65,6.42,133.65,1,1,1,1,1,3
9.520,COAST,133.78,6.22,133.86,1,1,1,1,1,3
9.540,COAST,133.89,6.01,133.79,1,1,1,1,1,3
9.560,COAST,134.00,5.80,133.79,1,1,1,1,1,3
9.580,COAST,134.11,5.59,133.80,1,1,1,1,1,3
9.600,COAST,134.23,5.40,134.64,1,1,1,1,1,3
9.620,COAST,134.31,5.18,133.63,1,1,1,1,1,3
9.640,COAST,134.40,4.97,134.00,1,1,1,1,1,3
9.660,COAST,134.47,4.74,133.66,1,1,1,1,1,3
9.680,COAST,134.56,4.54,134.64,1,1,1,1,1,3
9.700,COAST,134.64,4.33,134.29,1,1,1,1,1,3
9.720,COAST,134.71,4.12,134.44,1,1,1,1,1,3
9.740,COAST,134.79,3.92,134.71,1,1,1,1,1,3
9.760,COAST,134.86,3.71,134.58,1,1,1,1,1,3
9.780,COAST,134.93,3.51,134.92,1,1,1,1,1,3
9.800,COAST,134.98,3.30,134.55,1,1,1,1,1,3
9.820,COAST,135.06,3.11,135.33,1,1,1,1,1,3
9.840,COAST,135.10,2.90,134.75,1,1,1,1,1,3
9.860,COAST,135.16,2.70,135.02,1,1,1,1,1,3
9.880,COAST,135.20,2.49,134.91,1,1,1,1,1,3
9.900,COAST,135.25,2.29,135.35,1,1,1,1,1,3
9.920,COAST,135.29,2.10,135.33,1,1,1,1,1,3
9.940,COAST,135.33,1.89,135.18,1,1,1,1,1,3
9.960,COAST,135.37,1.70,135.49,1,1,1,1,1,3
9.980,COAST,135.41,1.51,135.58,1,1,1,1,1,3
10.000,COAST,135.44,1.31,135.45,1,1,1,1,1,3
10.020,COAST,135.44,1.10,134.89,1,1,1,1,1,3
10.040,COAST,135.47,0.91,135.66,1,1,1,1,1,3
10.060,COAST,135.50,0.73,135.88,1,1,1,1,1,3
10.080,COAST,135.51,0.53,135.47,1,1,1,1,1,3
10.100,COAST,135.51,0.33,135.44,1,1,1,1,1,3
10.120,COAST,135.52,0.13,135.50,1,1,1,1,1,3
10.140,COAST,135.54,-0.02,136.14,1,1,1,1,1,3
10.160,COAST,135.53,-0.14,135.43,1,1,1,1,1,3
10.180,COAST,135.52,-0.27,135.26,1,1,1,1,1,3
10.200,COAST,135.49,-0.41,134.73,1,1,1,1,1,3
10.220,COAST,135.48,-0.54,135.46,1,1,1,1,1,3
10.240,COAST,135.44,-0.68,134.81,1,1,1,1,1,3
10.260,COAST,135.40,-0.83,134.60,1,1,1,1,1,3
10.280,COAST,135.34,-0.99,134.32,1,1,1,1,1,3
10.300,COAST,135.29,-1.15,134.39,1,1,1,1,1,3
10.320,COAST,135.25,-1.29,134.97,1,1,1,1,1,3
10.340,COAST,135.20,-1.45,134.52,1,1,1,1,1,3
10.360,COAST,135.15,-1.60,134.48,1,1,1,1,1,3
10.380,COAST,135.08,-1.77,134.04,1,1,1,1,1,3
10.400,COAST,135.01,-1.94,134.12,1,1,1,1,1,3
10.420,COAST,134.94,-2.10,134.19,1,1,1,1,1,3
10.440,COAST,134.88,-2.25,134.51,1,1,1,1,1,3
10.460,COAST,134.83,-2.40,134.55,1,1,1,1,1,3
10.480,COAST,134.76,-2.56,134.21,1,1,1,1,1,3
10.500,COAST,134.66,-2.75,133.33,1,1,1,1,1,3
10.520,COAST,134.57,-2.92,133.71,1,1,1,1,1,3
10.540,COAST,134.46,-3.10,133.16,1,1,1,1,1,3
10.560,DESCENT,134.38,-3.26,133.83,1,1,1,1,1,3
10.580,DESCENT,134.27,-3.30,133.03,1,1,1,1,1,3
10.600,DESCENT,134.14,-3.36,132.55,1,1,1,1,1,3
10.620,DESCENT,134.02,-3.41,132.53,1,1,1,1,1,3
10.640,DESCENT,133.93,-3.43,133.26,1,1,1,1,1,3
10.660,DESCENT,133.82,-3.47,132.73,1,1,1,1,1,3
10.680,DESCENT,133.71,-3.51,132.71,1,1,1,1,1,3
10.700,DESCENT,133.59,-3.56,132.19,1,1,1,1,1,3
10.720,DESCENT,133.51,-3.58,133.08,1,1,1,1,1,3
10.740,DESCENT,133.40,-3.62,132.49,1,1,1,1,1,3
10.760,DESCENT,133.30,-3.65,132.60,1,1,1,1,1,3
10.780,DESCENT,133.20,-3.68,132.45,1,1,1,1,1,3
10.800,DESCENT,133.09,-3.73,132.11,1,1,1,1,1,3
10.820,DESCENT,132.98,-3.77,132.12,1,1,1,1,1,3
10.840,DESCENT,132.85,-3.85,131.40,1,1,1,1,1,3
10.860,DESCENT,132.73,-3.91,131.67,1,1,1,1,1,3
10.880,DESCENT,132.60,-3.99,131.30,1,1,1,1,1,3
10.900,DESCENT,132.48,-4.04,131.63,1,1,1,1,1,3
10.920,DESCENT,132.37,-4.09,131.76,1,1,1,1,1,3
10.940,DESCENT,132.25,-4.14,131.40,1,1,1,1,1,3
10.960,DESCENT,132.15,-4.18,131.60,1,1,1,1,1,3
10.980,DESCENT,132.02,-4.25,131.12,1,1,1,1,1,3
11.000,DESCENT,131.94,-4.25,,1,1,1,1,1,3
11.020,DESCENT,131.82,-4.30,131.30,1,1,1,1,1,3
11.040,DESCENT,131.71,-4.34,131.21,1,1,1,1,1,3
11.060,DESCENT,131.60,-4.38,131.10,1,1,1,1,1,3
11.080,DESCENT,131.46,-4.48,130.46,1,1,1,1,1,3
11.100,DESCENT,131.34,-4.53,130.72,1,1,1,1,1,3
11.120,DESCENT,131.22,-4.58,130.72,1,1,1,1,1,3
11.140,DESCENT,131.08,-4.66,130.29,1,1,1,1,1,3
11.160,DESCENT,130.94,-4.75,130.12,1,1,1,1,1,3
11.180,DESCENT,130.83,-4.79,130.42,1,1,1,1,1,3
11.200,DESCENT,130.70,-4.85,130.16,1,1,1,1,1,3
11.220,DESCENT,130.57,-4.90,130.10,1,1,1,1,1,3
11.240,DESCENT,130.45,-4.95,129.96,1,1,1,1,1,3
11.260,DESCENT,130.32,-4.99,129.91,1,1,1,1,1,3
11.280,DESCENT,130.20,-5.04,129.83,1,1,1,1,1,3
11.300,DESCENT,130.05,-5.12,129.32,1,1,1,1,1,3
11.320,DESCENT,129.94,-5.13,129.86,1,1,1,1,1,3
11.340,DESCENT,129.84,-5.13,129.84,1,1,1,1,1,3
11.360,DESCENT,129.71,-5.19,129.19,1,1,1,1,1,3
11.380,DESCENT,129.57,-5.24,129.13,1,1,1,1,1,3
11.400,DESCENT,129.45,-5.27,129.22,1,1,1,1,1,3
11.420,DESCENT,129.33,-5.29,129.11,1,1,1,1,1,3
11.440,DESCENT,129.20,-5.35,128.78,1,1,1,1,1,3
11.460,DESCENT,129.08,-5.36,128.94,1,1,1,1,1,3
11.480,DESCENT,128.96,-5.38,128.79,1,1,1,1,1,3
11.500,DESCENT,128.82,-5.46,128.23,1,1,1,1,1,3
11.520,DESCENT,128.72,-5.43,128.95,1,1,1,1,1,3
11.540,DESCENT,128.62,-5.42,128.72,1,1,1,1,1,3
11.560,DESCENT,128.51,-5.42,128.47,1,1,1,1,1,3
11.580,DESCENT,128.39,-5.44,128.20,1,1,1,1,1,3
11.600,DESCENT,128.28,-5.45,128.26,1,1,1,1,1,3
11.620,DESCENT,128.13,-5.51,127.64,1,1,1,1,1,3
11.640,DESCENT,128.01,-5.53,127.83,1,1,1,1,1,3
11.660,DESCENT,127.93,-5.49,128.27,1,1,1,1,1,3
11.680,DESCENT,127.83,-5.47,127.98,1,1,1,1,1,3
11.700,DESCENT,127.72,-5.47,127.72,1,1,1,1,1,3
11.720,DESCENT,127.61,-5.47,127.62,1,1,1,1,1,3
11.740,DESCENT,127.49,-5.48,127.37,1,1,1,1,1,3
11.760,DESCENT,127.37,-5.51,127.14,1,1,1,1,1,3
11.780,DESCENT,127.27,-5.49,127.42,1,1,1,1,1,3
11.800,DESCENT,127.13,-5.54,126.73,1,1,1,1,1,3
11.820,DESCENT,127.02,-5.53,127.13,1,1,1,1,1,3
11.840,DESCENT,126.91,-5.53,126.90,1,1,1,1,1,3
11.860,DESCENT,126.80,-5.53,126.78,1,1,1,1,1,3
11.880,DESCENT,126.67,-5.56,126.43,1,1,1,1,1,3
11.900,DESCENT,126.58,-5.52,126.89,1,1,1,1,1,3
11.920,DESCENT,126.49,-5.50,126.67,1,1,1,1,1,3
11.940,DESCENT,126.38,-5.49,126.49,1,1,1,1,1,3
11.960,DESCENT,126.24,-5.54,125.79,1,1,1,1,1,3
11.980,DESCENT,126.18,-5.47,126.79,1,1,1,1,1,3
12.000,DESCENT,126.07,-5.45,126.16,1,1,1,1,1,3
12.020,DESCENT,125.96,-5.46,125.89,1,1,1,1,1,3
12.040,DESCENT,125.85,-5.47,125.83,1,1,1,1,1,3
12.060,DESCENT,125.71,-5.51,125.31,1,1,1,1,1,3
12.080,DESCENT,125.61,-5.49,125.79,1,1,1,1,1,3
12.100,DESCENT,125.51,-5.48,125.64,1,1,1,1,1,3
12.120,DESCENT,125.40,-5.48,125.41,1,1,1,1,1,3
12.140,DESCENT,125.30,-5.46,125.47,1,1,1,1,1,3
12.160,DESCENT,125.18,-5.48,124.99,1,1,1,1,1,3
12.180,DESCENT,125.08,-5.46,125.20,1,1,1,1,1,3
12.200,DESCENT,124.98,-5.45,125.06,1,1,1,1,1,3
12.220,DESCENT,124.93,-5.35,125.77,1,1,1,1,1,3
12.240,DESCENT,124.85,-5.30,125.25,1,1,1,1,1,3
12.260,DESCENT,124.73,-5.33,124.48,1,1,1,1,1,3
12.280,DESCENT,124.64,-5.30,124.88,1,1,1,1,1,3
12.300,DESCENT,124.52,-5.32,124.37,1,1,1,1,1,3
12.320,DESCENT,124.44,-5.28,124.76,1,1,1,1,1,3
12.340,DESCENT,124.35,-5.25,124.56,1,1,1,1,1,3
12.360,DESCENT,124.24,-5.26,124.22,1,1,1,1,1,3
12.380,DESCENT,124.13,-5.27,124.04,1,1,1,1,1,3
12.400,DESCENT,124.03,-5.26,124.12,1,1,1,1,1,3
12.420,DESCENT,123.92,-5.27,123.80,1,1,1,1,1,3
12.440,DESCENT,123.82,-5.25,123.99,1,1,1,1,1,3
12.460,DESCENT,123.71,-5.26,123.61,1,1,1,1,1,3
12.480,DESCENT,123.63,-5.22,123.97,1,1,1,1,1,3
12.500,DESCENT,123.55,-5.18,123.88,1,1,1,1,1,3
12.520,DESCENT,123.42,-5.23,122.99,1,1,1,1,1,3
12.540,DESCENT,123.34,-5.18,123.80,1,1,1,1,1,3
12.560,DESCENT,123.23,-5.19,123.14,1,1,1,1,1,3
12.580,DESCENT,123.11,-5.22,122.88,1,1,1,1,1,3
12.600,DESCENT,123.02,-5.20,123.15,1,1,1,1,1,3
12.620,DESCENT,122.94,-5.16,123.28,1,1,1,1,1,3
12.640,DESCENT,122.83,-5.17,122.74,1,1,1,1,1,3
12.660,DESCENT,122.77,-5.08,123.44,1,1,1,1,1,3
12.680,DESCENT,122.70,-5.04,123.07,1,1,1,1,1,3
12.700,DESCENT,122.59,-5.05,122.54,1,1,1,1,1,3
12.720,DESCENT,122.50,-5.03,122.59,1,1,1,1,1,3
12.740,DESCENT,122.40,-5.03,122.40,1,1,1,1,1,3
12.760,DESCENT,122.29,-5.05,122.18,1,1,1,1,1,3
12.780,DESCENT,122.22,-4.99,122.65,1,1,1,1,1,3
12.800,DESCENT,122.15,-4.94,122.59,1,1,1,1,1,3
12.820,DESCENT,122.07,-4.91,122.30,1,1,1,1,1,3
12.840,DESCENT,121.97,-4.91,121.99,1,1,1,1,1,3
12.860,DESCENT,121.86,-4.93,121.69,1,1,1,1,1,3
12.880,DESCENT,121.78,-4.91,121.95,1,1,1,1,1,3
12.900,DESCENT,121.69,-4.89,121.83,1,1,1,1,1,3
12.920,DESCENT,121.58,-4.92,121.38,1,1,1,1,1,3
12.940,DESCENT,121.48,-4.91,121.54,1,1,1,1,1,3
12.960,DESCENT,121.41,-4.86,121.82,1,1,1,1,1,3
12.980,DESCENT,121.29,-4.90,120.96,1,1,1,1,1,3
13.000,DESCENT,121.16,-4.95,120.71,1,1,1,1,1,3
13.020,DESCENT,121.09,-4.92,121.40,1,1,1,1,1,3
13.040,DESCENT,120.99,-4.91,121.04,1,1,1,1,1,3
13.060,DESCENT,120.88,-4.93,120.76,1,1,1,1,1,3
13.080,DESCENT,120.79,-4.91,120.93,1,1,1,1,1,3
13.100,DESCENT,120.70,-4.91,120.68,1,1,1,1,1,3
13.120,DESCENT,120.59,-4.93,120.45,1,1,1,1,1,3
13.140,DESCENT,120.50,-4.91,120.67,1,1,1,1,1,3
13.160,DESCENT,120.43,-4.87,120.74,1,1,1,1,1,3
13.180,DESCENT,120.33,-4.87,120.28,1,1,1,1,1,3
13.200,DESCENT,120.20,-4.91,119.87,1,1,1,1,1,3
13.220,DESCENT,120.09,-4.94,119.85,1,1,1,1,1,3
13.240,DESCENT,119.99,-4.94,120.03,1,1,1,1,1,3
13.260,DESCENT,119.89,-4.94,119.84,1,1,1,1,1,3
13.280,DESCENT,119.79,-4.94,119.84,1,1,1,1,1,3
13.300,DESCENT,119.69,-4.95,119.60,1,1,1,1,1,3
13.320,DESCENT,119.59,-4.95,119.61,1,1,1,1,1,3
13.340,DESCENT,119.50,-4.94,119.55,1,1,1,1,1,3
13.360,DESCENT,119.41,-4.92,119.60,1,1,1,1,1,3
13.380,DESCENT,119.32,-4.90,119.43,1,1,1,1,1,3
13.400,DESCENT,119.23,-4.89,119.29,1,1,1,1,1,3
13.420,DESCENT,119.14,-4.88,119.23,1,1,1,1,1,3
13.440,DESCENT,119.03,-4.89,118.95,1,1,1,1,1,3
13.460,DESCENT,118.88,-4.99,118.10,1,1,1,1,1,3
13.480,DESCENT,118.78,-4.99,118.74,1,1,1,1,1,3
13.500,DESCENT,118.66,-5.02,118.44,1,1,1,1,1,3
13.520,DESCENT,118.54,-5.06,118.20,1,1,1,1,1,3
13.540,DESCENT,118.45,-5.03,118.68,1,1,1,1,1,3
13.560,DESCENT,118.40,-4.96,119.02,1,1,1,1,1,3
13.580,DESCENT,118.27,-5.00,117.89,1,1,1,1,1,3
13.600,DESCENT,118.18,-4.99,118.31,1,1,1,1,1,3
13.620,DESCENT,118.07,-5.01,117.93,1,1,1,1,1,3
13.640,DESCENT,117.98,-4.98,118.15,1,1,1,1,1,3
13.660,DESCENT,117.87,-5.00,117.75,1,1,1,1,1,3
13.680,DESCENT,117.77,-5.01,117.66,1,1,1,1,1,3
13.700,DESCENT,117.66,-5.03,117.51,1,1,1,1,1,3
13.720,DESCENT,117.55,-5.03,117.52,1,1,1,1,1,3
13.740,DESCENT,117.45,-5.04,117.39,1,1,1,1,1,3
13.760,DESCENT,117.36,-5.02,117.51,1,1,1,1,1,3
13.780,DESCENT,117.24,-5.05,117.04,1,1,1,1,1,3
13.800,DESCENT,117.17,-5.00,117.52,1,1,1,1,1,3
13.820,DESCENT,117.05,-5.03,116.87,1,1,1,1,1,3
13.840,DESCENT,116.98,-4.99,117.29,1,1,1,1,1,3
13.860,DESCENT,116.89,-4.97,117.01,1,1,1,1,1,3
13.880,DESCENT,116.77,-4.99,116.60,1,1,1,1,1,3
13.900,DESCENT,116.66,-5.02,116.48,1,1,1,1,1,3
13.920,DESCENT,116.60,-4.95,117.12,1,1,1,1,1,3
13.940,DESCENT,116.49,-4.96,116.40,1,1,1,1,1,3
13.960,DESCENT,116.41,-4.94,116.62,1,1,1,1,1,3
13.980,DESCENT,116.31,-4.93,116.35,1,1,1,1,1,3
14.000,DESCENT,116.20,-4.95,116.06,1,1,1,1,1,3
14.020,DESCENT,116.11,-4.94,116.21,1,1,1,1,1,3
14.040,DESCENT,116.04,-4.89,116.39,1,1,1,1,1,3
14.060,DESCENT,115.93,-4.91,115.77,1,1,1,1,1,3
14.080,DESCENT,115.82,-4.93,115.66,1,1,1,1,1,3
14.100,DESCENT,115.70,-4.97,115.35,1,1,1,1,1,3
14.120,DESCENT,115.56,-5.03,115.12,1,1,1,1,1,3
14.140,DESCENT,115.48,-5.00,115.73,1,1,1,1,1,3
14.160,DESCENT,115.38,-5.00,115.39,1,1,1,1,1,3
14.180,DESCENT,115.26,-5.04,114.91,1,1,1,1,1,3
14.200,DESCENT,115.16,-5.04,115.18,1,1,1,1,1,3
14.220,DESCENT,115.05,-5.05,114.95,1,1,1,1,1,3
14.240,DESCENT,114.94,-5.06,114.85,1,1,1,1,1,3
14.260,DESCENT,114.81,-5.11,114.43,1,1,1,1,1,3
14.280,DESCENT,114.71,-5.11,114.73,1,1,1,1,1,3
14.300,DESCENT,114.61,-5.11,114.59,1,1,1,1,1,3
14.320,DESCENT,114.53,-5.07,114.83,1,1,1,1,1,3
14.340,DESCENT,114.42,-5.09,114.26,1,1,1,1,1,3
14.360,DESCENT,114.37,-4.99,115.17,1,1,1,1,1,3
14.380,DESCENT,114.27,-4.99,114.30,1,1,1,1,1,3
14.400,DESCENT,114.17,-5.00,114.07,1,1,1,1,1,3
14.420,DESCENT,114.08,-4.98,114.24,1,1,1,1,1,3
14.440,DESCENT,113.98,-4.98,113.97,1,1,1,1,1,3
14.460,DESCENT,113.88,-4.98,113.90,1,1,1,1,1,3
14.480,DESCENT,113.79,-4.97,113.90,1,1,1,1,1,3
14.500,DESCENT,113.68,-4.98,113.57,1,1,1,1,1,3
14.520,DESCENT,113.58,-4.98,113.63,1,1,1,1,1,3
14.540,DESCENT,113.48,-4.98,113.42,1,1,1,1,1,3
14.560,DESCENT,113.38,-4.98,113.41,1,1,1,1,1,3
14.580,DESCENT,113.26,-5.02,112.92,1,1,1,1,1,3
14.600,DESCENT,113.17,-4.99,113.41,1,1,1,1,1,3
14.620,DESCENT,113.07,-5.00,112.97,1,1,1,1,1,3
14.640,DESCENT,112.98,-4.99,113.13,1,1,1,1,1,3
14.660,DESCENT,112.87,-5.01,112.70,1,1,1,1,1,3
14.680,DESCENT,112.76,-5.02,112.67,1,1,1,1,1,3
14.700,DESCENT,112.67,-5.00,112.84,1,1,1,1,1,3
14.720,DESCENT,112.58,-4.98,112.68,1,1,1,1,1,3
14.740,DESCENT,112.48,-4.98,112.49,1,1,1,1,1,3
14.760,DESCENT,112.36,-5.02,112.05,1,1,1,1,1,3
14.780,DESCENT,112.24,-5.05,112.02,1,1,1,1,1,3
14.800,DESCENT,112.13,-5.06,112.04,1,1,1,1,1,3
14.820,DESCENT,112.08,-4.98,112.77,1,1,1,1,1,3
14.840,DESCENT,112.00,-4.95,112.25,1,1,1,1,1,3
14.860,DESCENT,111.93,-4.90,112.28,1,1,1,1,1,3
14.880,DESCENT,111.83,-4.90,111.85,1,1,1,1,1,3
14.900,DESCENT,111.71,-4.93,111.46,1,1,1,1,1,3
14.920,DESCENT,111.60,-4.96,111.34,1,1,1,1,1,3
14.940,DESCENT,111.49,-4.97,111.42,1,1,1,1,1,3
14.960,DESCENT,111.42,-4.93,111.76,1,1,1,1,1,3
14.980,DESCENT,111.34,-4.90,111.59,1,1,1,1,1,3
15.000,DESCENT,111.24,-4.90,111.19,1,1,1,1,1,3
15.020,DESCENT,111.14,-4.89,111.23,1,1,1,1,1,3
15.040,DESCENT,111.01,-4.95,110.55,1,1,1,1,1,3
15.060,DESCENT,110.92,-4.94,110.99,1,1,1,1,1,3
15.080,DESCENT,110.82,-4.94,110.84,1,1,1,1,1,3
15.100,DESCENT,110.72,-4.95,110.61,1,1,1,1,1,3
15.120,DESCENT,110.61,-4.96,110.58,1,1,1,1,1,3
15.140,DESCENT,110.51,-4.97,110.41,1,1,1,1,1,3
15.160,DESCENT,110.40,-4.98,110.29,1,1,1,1,1,3
15.180,DESCENT,110.29,-4.99,110.21,1,1,1,1,1,3
15.200,DESCENT,110.19,-5.01,110.07,1,1,1,1,1,3
15.220,DESCENT,110.12,-4.94,110.64,1,1,1,1,1,3
15.240,DESCENT,110.03,-4.93,110.13,1,1,1,1,1,3
15.260,DESCENT,109.93,-4.93,109.92,1,1,1,1,1,3
15.280,DESCENT,109.84,-4.91,109.99,1,1,1,1,1,3
15.300,DESCENT,109.77,-4.87,110.13,1,1,1,1,1,3
15.320,DESCENT,109.68,-4.85,109.84,1,1,1,1,1,3
15.340,DESCENT,109.55,-4.92,108.97,1,1,1,1,1,3
15.360,DESCENT,109.41,-4.99,108.90,1,1,1,1,1,3
15.380,DESCENT,109.27,-5.05,108.73,1,1,1,1,1,3
15.400,DESCENT,109.18,-5.05,109.23,1,1,1,1,1,3
15.420,DESCENT,109.09,-5.02,109.30,1,1,1,1,1,3
15.440,DESCENT,108.97,-5.06,108.63,1,1,1,1,1,3
15.460,DESCENT,108.86,-5.07,108.80,1,1,1,1,1,3
15.480,DESCENT,108.74,-5.11,108.45,1,1,1,1,1,3
15.500,DESCENT,108.61,-5.15,108.27,1,1,1,1,1,3
15.520,DESCENT,108.51,-5.14,108.54,1,1,1,1,1,3
15.540,DESCENT,108.41,-5.14,108.46,1,1,1,1,1,3
15.560,DESCENT,108.35,-5.07,108.91,1,1,1,1,1,3
15.580,DESCENT,108.25,-5.07,108.27,1,1,1,1,1,3
15.600,DESCENT,108.14,-5.08,108.05,1,1,1,1,1,3
15.620,DESCENT,108.02,-5.11,107.78,1,1,1,1,1,3
15.640,DESCENT,107.91,-5.12,107.78,1,1,1,1,1,3
15.660,DESCENT,107.83,-5.09,108.10,1,1,1,1,1,3
15.680,DESCENT,107.72,-5.10,107.65,1,1,1,1,1,3
15.700,DESCENT,107.64,-5.06,107.95,1,1,1,1,1,3
15.720,DESCENT,107.55,-5.03,107.76,1,1,1,1,1,3
15.740,DESCENT,107.46,-5.02,107.58,1,1,1,1,1,3
15.760,DESCENT,107.36,-5.02,107.35,1,1,1,1,1,3
15.780,DESCENT,107.26,-5.03,107.20,1,1,1,1,1,3
15.800,DESCENT,107.14,-5.05,106.99,1,1,1,1,1,3
15.820,DESCENT,107.03,-5.08,106.81,1,1,1,1,1,3
15.840,DESCENT,106.93,-5.06,107.05,1,1,1,1,1,3
15.860,DESCENT,106.85,-5.03,107.06,1,1,1,1,1,3
15.880,DESCENT,106.77,-4.99,107.11,1,1,1,1,1,3
15.900,DESCENT,106.69,-4.96,106.92,1,1,1,1,1,3
15.920,DESCENT,106.58,-4.98,106.44,1,1,1,1,1,3
15.940,DESCENT,106.49,-4.97,106.62,1,1,1,1,1,3
15.960,DESCENT,106.37,-5.00,106.13,1,1,1,1,1,3
15.980,DESCENT,106.25,-5.03,105.95,1,1,1,1,1,3
16.000,DESCENT,106.14,-5.06,105.92,1,1,1,1,1,3
16.020,DESCENT,106.03,-5.06,106.01,1,1,1,1,1,3
16.040,DESCENT,105.95,-5.02,106.26,1,1,1,1,1,3
16.060,DESCENT,105.84,-5.04,105.68,1,1,1,1,1,3
16.080,DESCENT,105.74,-5.04,105.77,1,1,1,1,1,3
16.100,DESCENT,105.65,-5.02,105.79,1,1,1,1,1,3
16.120,DESCENT,105.55,-5.03,105.50,1,1,1,1,1,3
16.140,DESCENT,105.45,-5.03,105.47,1,1,1,1,1,3
16.160,DESCENT,105.34,-5.04,105.27,1,1,1,1,1,3
16.180,DESCENT,105.23,-5.06,105.06,1,1,1,1,1,3
16.200,DESCENT,105.12,-5.07,105.04,1,1,1,1,1,3
16.220,DESCENT,105.03,-5.04,105.22,1,1,1,1,1,3
16.240,DESCENT,104.94,-5.04,105.00,1,1,1,1,1,3
16.260,DESCENT,104.84,-5.03,104.89,1,1,1,1,1,3
16.280,DESCENT,104.74,-5.03,104.71,1,1,1,1,1,3
16.300,DESCENT,104.64,-5.03,104.68,1,1,1,1,1,3
16.320,DESCENT,104.53,-5.05,104.35,1,1,1,1,1,3
16.340,DESCENT,104.44,-5.03,104.60,1,1,1,1,1,3
16.360,DESCENT,104.37,-4.98,104.78,1,1,1,1,1,3
16.380,DESCENT,104.28,-4.95,104.53,1,1,1,1,1,3
16.400,DESCENT,104.19,-4.94,104.25,1,1,1,1,1,3
16.420,DESCENT,104.10,-4.92,104.25,1,1,1,1,1,3
16.440,DESCENT,104.01,-4.91,104.09,1,1,1,1,1,3
16.460,DESCENT,103.92,-4.90,104.03,1,1,1,1,1,3
16.480,DESCENT,103.83,-4.88,104.01,1,1,1,1,1,3
16.500,DESCENT,103.74,-4.87,103.77,1,1,1,1,1,3
16.520,DESCENT,103.63,-4.90,103.46,1,1,1,1,1,3
16.540,DESCENT,103.51,-4.92,103.29,1,1,1,1,1,3
16.560,DESCENT,103.44,-4.88,103.83,1,1,1,1,1,3
16.580,DESCENT,103.37,-4.83,103.74,1,1,1,1,1,3
16.600,DESCENT,103.27,-4.84,103.17,1,1,1,1,1,3
16.620,DESCENT,103.17,-4.84,103.18,1,1,1,1,1,3
16.640,DESCENT,103.06,-4.86,102.87,1,1,1,1,1,3
16.660,DESCENT,102.94,-4.90,102.64,1,1,1,1,1,3
16.680,DESCENT,102.83,-4.93,102.60,1,1,1,1,1,3
16.700,DESCENT,102.72,-4.95,102.57,1,1,1,1,1,3
16.720,DESCENT,102.61,-4.96,102.50,1,1,1,1,1,3
16.740,DESCENT,102.51,-4.97,102.43,1,1,1,1,1,3
16.760,DESCENT,102.43,-4.94,102.67,1,1,1,1,1,3
16.780,DESCENT,102.30,-4.98,101.99,1,1,1,1,1,3
16.800,DESCENT,102.20,-4.99,102.10,1,1,1,1,1,3
16.820,DESCENT,102.11,-4.96,102.34,1,1,1,1,1,3
16.840,DESCENT,102.04,-4.92,102.41,1,1,1,1,1,3
16.860,DESCENT,101.91,-4.98,101.45,1,1,1,1,1,3
16.880,DESCENT,101.81,-4.98,101.82,1,1,1,1,1,3
16.900,DESCENT,101.69,-5.01,101.42,1,1,1,1,1,3
16.920,DESCENT,101.60,-4.99,101.72,1,1,1,1,1,3
16.940,DESCENT,101.51,-4.98,101.65,1,1,1,1,1,3
16.960,DESCENT,101.44,-4.92,101.92,1,1,1,1,1,3
16.980,DESCENT,101.32,-4.97,100.92,1,1,1,1,1,3
17.000,DESCENT,101.22,-4.96,101.30,1,1,1,1,1,3
17.020,DESCENT,101.11,-4.98,100.98,1,1,1,1,1,3
17.040,DESCENT,101.00,-5.01,100.72,1,1,1,1,1,3
17.060,DESCENT,100.89,-5.02,100.83,1,1,1,1,1,3
17.080,DESCENT,100.79,-5.02,100.76,1,1,1,1,1,3
17.100,DESCENT,100.70,-5.00,100.86,1,1,1,1,1,3
17.120,DESCENT,100.60,-5.00,100.63,1,1,1,1,1,3
17.140,DESCENT,100.46,-5.06,99.94,1,1,1,1,1,3
17.160,DESCENT,100.35,-5.09,100.14,1,1,1,1,1,3
17.180,DESCENT,100.23,-5.12,100.00,1,1,1,1,1,3
17.200,DESCENT,100.12,-5.13,99.98,1,1,1,1,1,3
17.220,DESCENT,100.03,-5.10,100.30,1,1,1,1,1,3
17.240,DESCENT,99.93,-5.10,99.95,1,1,1,1,1,3
17.260,DESCENT,99.85,-5.07,100.11,1,1,1,1,1,3
17.280,DESCENT,99.78,-5.02,100.15,1,1,1,1,1,3
17.300,DESCENT,99.69,-4.99,99.97,1,1,1,1,1,3
17.320,DESCENT,99.61,-4.96,99.83,1,1,1,1,1,3
17.340,DESCENT,99.49,-4.99,99.19,1,1,1,1,1,3
17.360,DESCENT,99.39,-4.99,99.44,1,1,1,1,1,3
17.380,DESCENT,99.31,-4.97,99.50,1,1,1,1,1,3
17.400,DESCENT,99.22,-4.95,99.38,1,1,1,1,1,3
17.420,DESCENT,99.13,-4.94,99.19,1,1,1,1,1,3
17.440,DESCENT,99.02,-4.95,98.88,1,1,1,1,1,3
17.460,DESCENT,98.92,-4.94,99.00,1,1,1,1,1,3
17.480,DESCENT,98.83,-4.93,98.93,1,1,1,1,1,3
17.500,DESCENT,98.73,-4.95,98.62,1,1,1,1,1,3
17.520,DESCENT,98.64,-4.92,98.81,1,1,1,1,1,3
17.540,DESCENT,98.54,-4.93,98.52,1,1,1,1,1,3
17.560,DESCENT,98.43,-4.94,98.33,1,1,1,1,1,3
17.580,DESCENT,98.34,-4.93,98.38,1,1,1,1,1,3
17.600,DESCENT,98.27,-4.88,98.67,1,1,1,1,1,3
17.620,DESCENT,98.14,-4.93,97.77,1,1,1,1,1,3
17.640,DESCENT,98.05,-4.92,98.14,1,1,1,1,1,3
17.660,DESCENT,97.94,-4.93,97.83,1,1,1,1,1,3
17.680,DESCENT,97.87,-4.90,98.18,1,1,1,1,1,3
17.700,DESCENT,97.76,-4.91,97.67,1,1,1,1,1,3
17.720,DESCENT,97.63,-4.97,97.15,1,1,1,1,1,3
17.740,DESCENT,97.50,-5.01,97.12,1,1,1,1,1,3
17.760,DESCENT,97.41,-5.01,97.47,1,1,1,1,1,3
17.780,DESCENT,97.28,-5.06,96.86,1,1,1,1,1,3
17.800,DESCENT,97.19,-5.03,97.44,1,1,1,1,1,3
17.820,DESCENT,97.12,-4.99,97.43,1,1,1,1,1,3
17.840,DESCENT,97.04,-4.96,97.30,1,1,1,1,1,3
17.860,DESCENT,96.94,-4.94,97.04,1,1,1,1,1,3
17.880,DESCENT,96.86,-4.91,97.14,1,1,1,1,1,3
17.900,DESCENT,96.75,-4.93,96.58,1,1,1,1,1,3
17.920,DESCENT,96.69,-4.88,97.10,1,1,1,1,1,3
17.940,DESCENT,96.58,-4.90,96.42,1,1,1,1,1,3
17.960,DESCENT,96.43,-4.98,95.78,1,1,1,1,1,3
17.980,DESCENT,96.33,-4.99,96.24,1,1,1,1,1,3
18.000,DESCENT,96.23,-4.98,96.28,1,1,1,1,1,3
18.020,DESCENT,96.16,-4.94,96.54,1,1,1,1,1,3
18.040,DESCENT,96.08,-4.90,96.34,1,1,1,1,1,3
18.060,DESCENT,95.96,-4.95,95.62,1,1,1,1,1,3
18.080,DESCENT,95.86,-4.94,95.91,1,1,1,1,1,3
18.100,DESCENT,95.80,-4.88,96.27,1,1,1,1,1,3
18.120,DESCENT,95.68,-4.91,95.41,1,1,1,1,1,3
18.140,DESCENT,95.58,-4.92,95.54,1,1,1,1,1,3
18.160,DESCENT,95.46,-4.95,95.20,1,1,1,1,1,3
18.180,DESCENT,95.36,-4.96,95.33,1,1,1,1,1,3
18.200,DESCENT,95.26,-4.96,95.23,1,1,1,1,1,3
18.220,DESCENT,95.16,-4.96,95.13,1,1,1,1,1,3
18.240,DESCENT,95.05,-4.97,94.99,1,1,1,1,1,3
18.260,DESCENT,94.94,-5.00,94.72,1,1,1,1,1,3
18.280,DESCENT,94.82,-5.03,94.54,1,1,1,1,1,3
18.300,DESCENT,94.68,-5.10,94.13,1,1,1,1,1,3
18.320,DESCENT,94.58,-5.10,94.61,1,1,1,1,1,3
18.340,DESCENT,94.47,-5.11,94.36,1,1,1,1,1,3
18.360,DESCENT,94.37,-5.10,94.46,1,1,1,1,1,3
18.380,DESCENT,94.27,-5.10,94.29,1,1,1,1,1,3
18.400,DESCENT,94.18,-5.08,94.32,1,1,1,1,1,3
18.420,DESCENT,94.06,-5.11,93.78,1,1,1,1,1,3
18.440,DESCENT,93.97,-5.09,94.19,1,1,1,1,1,3
18.460,DESCENT,93.85,-5.12,93.60,1,1,1,1,1,3
18.480,DESCENT,93.76,-5.10,93.92,1,1,1,1,1,3
18.500,DESCENT,93.64,-5.13,93.40,1,1,1,1,1,3
18.520,DESCENT,93.54,-5.13,93.57,1,1,1,1,1,3
18.540,DESCENT,93.42,-5.16,93.12,1,1,1,1,1,3
18.560,DESCENT,93.32,-5.14,93.47,1,1,1,1,1,3
18.580,DESCENT,93.24,-5.12,93.44,1,1,1,1,1,3
18.600,DESCENT,93.13,-5.12,93.12,1,1,1,1,1,3
18.620,DESCENT,93.05,-5.09,93.33,1,1,1,1,1,3
18.640,DESCENT,92.93,-5.12,92.62,1,1,1,1,1,3
18.660,DESCENT,92.81,-5.14,92.69,1,1,1,1,1,3
18.680,DESCENT,92.72,-5.12,92.86,1,1,1,1,1,3
18.700,DESCENT,92.62,-5.12,92.62,1,1,1,1,1,3
18.720,DESCENT,92.54,-5.08,92.89,1,1,1,1,1,3
18.740,DESCENT,92.46,-5.05,92.67,1,1,1,1,1,3
18.760,DESCENT,92.37,-5.02,92.62,1,1,1,1,1,3
18.780,DESCENT,92.25,-5.06,91.97,1,1,1,1,1,3
18.800,DESCENT,92.12,-5.11,91.71,1,1,1,1,1,3
18.820,DESCENT,92.00,-5.14,91.77,1,1,1,1,1,3
18.840,DESCENT,91.92,-5.11,92.16,1,1,1,1,1,3
18.860,DESCENT,91.83,-5.09,91.97,1,1,1,1,1,3
18.880,DESCENT,91.73,-5.08,91.82,1,1,1,1,1,3
18.900,DESCENT,91.63,-5.07,91.70,1,1,1,1,1,3
18.920,DESCENT,91.53,-5.08,91.46,1,1,1,1,1,3
18.940,DESCENT,91.44,-5.06,91.59,1,1,1,1,1,3
18.960,DESCENT,91.33,-5.06,91.28,1,1,1,1,1,3
18.980,DESCENT,91.23,-5.07,91.17,1,1,1,1,1,3
19.000,DESCENT,91.15,-5.03,91.50,1,1,1,1,1,3
19.020,DESCENT,91.08,-4.98,91.43,1,1,1,1,1,3
19.040,DESCENT,90.98,-4.98,91.02,1,1,1,1,1,3
19.060,DESCENT,90.84,-5.05,90.25,1,1,1,1,1,3
19.080,DESCENT,90.72,-5.07,90.57,1,1,1,1,1,3
19.100,DESCENT,90.63,-5.06,90.68,1,1,1,1,1,3
19.120,DESCENT,90.57,-5.00,91.12,1,1,1,1,1,3
19.140,DESCENT,90.50,-4.94,90.92,1,1,1,1,1,3
19.160,DESCENT,90.40,-4.94,90.46,1,1,1,1,1,3
19.180,DESCENT,90.35,-4.85,91.02,1,1,1,1,1,3
19.200,DESCENT,90.25,-4.86,90.18,1,1,1,1,1,3
19.220,DESCENT,90.14,-4.89,89.94,1,1,1,1,1,3
19.240,DESCENT,89.97,-5.01,88.96,1,1,1,1,1,3
19.260,DESCENT,89.89,-4.98,90.15,1,1,1,1,1,3
19.280,DESCENT,89.79,-4.97,89.88,1,1,1,1,1,3
19.300,DESCENT,89.67,-5.01,89.32,1,1,1,1,1,3
19.320,DESCENT,89.60,-4.95,90.11,1,1,1,1,1,3
19.340,DESCENT,89.49,-4.98,89.27,1,1,1,1,1,3
19.360,DESCENT,89.41,-4.94,89.70,1,1,1,1,1,3
19.380,DESCENT,89.27,-5.00,88.75,1,1,1,1,1,3
19.400,DESCENT,89.17,-5.01,89.17,1,1,1,1,1,3
19.420,DESCENT,89.09,-4.98,89.27,1,1,1,1,1,3
19.440,DESCENT,88.97,-5.02,88.67,1,1,1,1,1,3
19.460,DESCENT,88.88,-5.00,89.01,1,1,1,1,1,3
19.480,DESCENT,88.75,-5.05,88.40,1,1,1,1,1,3
19.500,DESCENT,88.64,-5.06,88.55,1,1,1,1,1,3
19.520,DESCENT,88.55,-5.05,88.59,1,1,1,1,1,3
19.540,DESCENT,88.43,-5.07,88.31,1,1,1,1,1,3
19.560,DESCENT,88.30,-5.13,87.78,1,1,1,1,1,3
19.580,DESCENT,88.21,-5.11,88.40,1,1,1,1,1,3
19.600,DESCENT,88.11,-5.10,88.17,1,1,1,1,1,3
19.620,DESCENT,88.01,-5.09,88.07,1,1,1,1,1,3
19.640,DESCENT,87.94,-5.05,88.28,1,1,1,1,1,3
19.660,DESCENT,87.84,-5.04,87.90,1,1,1,1,1,3
19.680,DESCENT,87.74,-5.04,87.77,1,1,1,1,1,3
19.700,DESCENT,87.65,-5.02,87.75,1,1,1,1,1,3
19.720,DESCENT,87.55,-5.01,87.64,1,1,1,1,1,3
19.740,DESCENT,87.47,-4.99,87.67,1,1,1,1,1,3
19.760,DESCENT,87.39,-4.95,87.73,1,1,1,1,1,3
19.780,DESCENT,87.30,-4.94,87.39,1,1,1,1,1,3
19.800,DESCENT,87.19,-4.95,87.12,1,1,1,1,1,3
19.820,DESCENT,87.11,-4.93,87.25,1,1,1,1,1,3
19.840,DESCENT,87.02,-4.91,87.18,1,1,1,1,1,3
19.860,DESCENT,86.91,-4.92,86.77,1,1,1,1,1,3
19.880,DESCENT,86.80,-4.95,86.61,1,1,1,1,1,3
19.900,DESCENT,86.69,-4.97,86.55,1,1,1,1,1,3
19.920,DESCENT,86.58,-4.98,86.48,1,1,1,1,1,3
19.940,DESCENT,86.47,-5.00,86.32,1,1,1,1,1,3
19.960,DESCENT,86.37,-5.00,86.34,1,1,1,1,1,3
19.980,DESCENT,86.27,-5.00,86.31,1,1,1,1,1,3
20.000,DESCENT,86.14,-5.05,85.73,1,1,1,1,1,3
20.020,DESCENT,86.05,-5.04,86.13,1,1,1,1,1,3
20.040,DESCENT,85.95,-5.03,86.05,1,1,1,1,1,3
20.060,DESCENT,85.87,-5.00,86.04,1,1,1,1,1,3
20.080,DESCENT,85.75,-5.03,85.52,1,1,1,1,1,3
20.100,DESCENT,85.65,-5.03,85.62,1,1,1,1,1,3
20.120,DESCENT,85.55,-5.04,85.53,1,1,1,1,1,3
20.140,DESCENT,85.42,-5.08,85.06,1,1,1,1,1,3
20.160,DESCENT,85.32,-5.07,85.39,1,1,1,1,1,3
20.180,DESCENT,85.22,-5.07,85.25,1,1,1,1,1,3
20.200,DESCENT,85.12,-5.08,85.03,1,1,1,1,1,3
20.220,DESCENT,85.00,-5.11,84.77,1,1,1,1,1,3
20.240,DESCENT,84.92,-5.07,85.24,1,1,1,1,1,3
20.260,DESCENT,84.80,-5.10,84.53,1,1,1,1,1,3
20.280,DESCENT,84.68,-5.13,84.42,1,1,1,1,1,3
20.300,DESCENT,84.58,-5.13,84.61,1,1,1,1,1,3
20.320,DESCENT,84.48,-5.11,84.63,1,1,1,1,1,3
20.340,DESCENT,84.39,-5.09,84.54,1,1,1,1,1,3
20.360,DESCENT,84.28,-5.11,84.14,1,1,1,1,1,3
20.380,DESCENT,84.20,-5.08,84.46,1,1,1,1,1,3
20.400,DESCENT,84.11,-5.06,84.28,1,1,1,1,1,3
20.420,DESCENT,84.00,-5.07,83.94,1,1,1,1,1,3
20.440,DESCENT,83.89,-5.08,83.78,1,1,1,1,1,3
20.460,DESCENT,83.79,-5.09,83.73,1,1,1,1,1,3
20.480,DESCENT,83.71,-5.05,84.02,1,1,1,1,1,3
20.500,DESCENT,83.62,-5.03,83.77,1,1,1,1,1,3
20.520,DESCENT,83.52,-5.02,83.59,1,1,1,1,1,3
20.540,DESCENT,83.44,-4.98,83.74,1,1,1,1,1,3
20.560,DESCENT,83.35,-4.98,83.41,1,1,1,1,1,3
20.580,DESCENT,83.23,-5.01,83.00,1,1,1,1,1,3
20.600,DESCENT,83.13,-5.00,83.17,1,1,1,1,1,3
20.620,DESCENT,83.04,-5.00,83.07,1,1,1,1,1,3
20.640,DESCENT,82.95,-4.98,83.06,1,1,1,1,1,3
20.660,DESCENT,82.83,-5.01,82.64,1,1,1,1,1,3
20.680,DESCENT,82.73,-5.00,82.77,1,1,1,1,1,3
20.700,DESCENT,82.65,-4.98,82.83,1,1,1,1,1,3
20.720,DESCENT,82.55,-4.97,82.60,1,1,1,1,1,3
20.740,DESCENT,82.42,-5.03,81.96,1,1,1,1,1,3
20.760,DESCENT,82.30,-5.06,82.06,1,1,1,1,1,3
20.780,DESCENT,82.21,-5.05,82.27,1,1,1,1,1,3
20.800,DESCENT,82.13,-5.01,82.46,1,1,1,1,1,3
20.820,DESCENT,82.01,-5.03,81.82,1,1,1,1,1,3
20.840,DESCENT,81.91,-5.04,81.88,1,1,1,1,1,3
20.860,DESCENT,81.83,-5.01,82.03,1,1,1,1,1,3
20.880,DESCENT,81.70,-5.05,81.40,1,1,1,1,1,3
20.900,DESCENT,81.62,-5.01,81.91,1,1,1,1,1,3
20.920,DESCENT,81.53,-5.00,81.65,1,1,1,1,1,3
20.940,DESCENT,81.44,-4.99,81.51,1,1,1,1,1,3
20.960,DESCENT,81.35,-4.97,81.49,1,1,1,1,1,3
20.980,DESCENT,81.26,-4.95,81.46,1,1,1,1,1,3
21.000,DESCENT,81.16,-4.94,81.19,1,1,1,1,1,3
21.020,DESCENT,81.09,-4.90,81.42,1,1,1,1,1,3
21.040,DESCENT,81.00,-4.89,81.06,1,1,1,1,1,3
21.060,DESCENT,80.89,-4.91,80.74,1,1,1,1,1,3
21.080,DESCENT,80.78,-4.93,80.62,1,1,1,1,1,3
21.100,DESCENT,80.66,-4.96,80.40,1,1,1,1,1,3
21.120,DESCENT,80.57,-4.95,80.71,1,1,1,1,1,3
21.140,DESCENT,80.51,-4.88,81.02,1,1,1,1,1,3
21.160,DESCENT,80.42,-4.88,80.47,1,1,1,1,1,3
21.180,DESCENT,80.30,-4.90,80.09,1,1,1,1,1,3
21.200,DESCENT,80.21,-4.90,80.23,1,1,1,1,1,3
21.220,DESCENT,80.10,-4.92,79.96,1,1,1,1,1,3
21.240,DESCENT,80.00,-4.91,80.03,1,1,1,1,1,3
21.260,DESCENT,79.90,-4.92,79.85,1,1,1,1,1,3
21.280,DESCENT,79.81,-4.91,79.89,1,1,1,1,1,3
21.300,DESCENT,79.71,-4.91,79.69,1,1,1,1,1,3
21.320,DESCENT,79.63,-4.89,79.83,1,1,1,1,1,3
21.340,DESCENT,79.52,-4.90,79.44,1,1,1,1,1,3
21.360,DESCENT,79.43,-4.89,79.46,1,1,1,1,1,3
21.380,DESCENT,79.32,-4.90,79.23,1,1,1,1,1,3
21.400,DESCENT,79.21,-4.93,78.96,1,1,1,1,1,3
21.420,DESCENT,79.07,-4.99,78.58,1,1,1,1,1,3
21.440,DESCENT,78.98,-4.98,79.11,1,1,1,1,1,3
21.460,DESCENT,78.86,-5.02,78.49,1,1,1,1,1,3
21.480,DESCENT,78.74,-5.05,78.51,1,1,1,1,1,3
21.500,DESCENT,78.67,-5.00,79.12,1,1,1,1,1,3
21.520,DESCENT,78.59,-4.97,78.83,1,1,1,1,1,3
21.540,DESCENT,78.50,-4.95,78.60,1,1,1,1,1,3
21.560,DESCENT,78.42,-4.91,78.78,1,1,1,1,1,3
21.580,DESCENT,78.33,-4.89,78.49,1,1,1,1,1,3
21.600,DESCENT,78.21,-4.93,77.86,1,1,1,1,1,3
21.620,DESCENT,78.12,-4.92,78.26,1,1,1,1,1,3
21.640,DESCENT,78.00,-4.96,77.66,1,1,1,1,1,3
21.660,DESCENT,77.94,-4.90,78.42,1,1,1,1,1,3
21.680,DESCENT,77.81,-4.95,77.35,1,1,1,1,1,3
21.700,DESCENT,77.69,-4.99,77.43,1,1,1,1,1,3
21.720,DESCENT,77.59,-4.98,77.67,1,1,1,1,1,3
21.740,DESCENT,77.49,-4.98,77.49,1,1,1,1,1,3
21.760,DESCENT,77.42,-4.94,77.76,1,1,1,1,1,3
21.780,DESCENT,77.33,-4.93,77.40,1,1,1,1,1,3
21.800,DESCENT,77.26,-4.87,77.73,1,1,1,1,1,3
21.820,DESCENT,77.16,-4.87,77.16,1,1,1,1,1,3
21.840,DESCENT,77.04,-4.91,76.67,1,1,1,1,1,3
21.860,DESCENT,76.93,-4.94,76.71,1,1,1,1,1,3
21.880,DESCENT,76.84,-4.92,76.98,1,1,1,1,1,3
21.900,DESCENT,76.70,-4.98,76.24,1,1,1,1,1,3
21.920,DESCENT,76.62,-4.96,76.83,1,1,1,1,1,3
21.940,DESCENT,76.52,-4.97,76.44,1,1,1,1,1,3
21.960,DESCENT,76.42,-4.96,76.46,1,1,1,1,1,3
21.980,DESCENT,76.32,-4.97,76.28,1,1,1,1,1,3
22.000,DESCENT,76.20,-4.99,75.99,1,1,1,1,1,3
22.020,DESCENT,76.11,-4.98,76.20,1,1,1,0,1,3
22.040,DESCENT,76.02,-4.96,76.20,1,1,1,0,1,3
22.060,DESCENT,75.93,-4.95,76.01,1,1,1,0,1,3
22.080,DESCENT,75.80,-4.99,75.43,1,1,1,0,1,3
22.100,DESCENT,75.71,-4.98,75.87,1,1,1,0,1,3
22.120,DESCENT,75.64,-4.92,76.06,1,1,1,0,1,3
22.140,DESCENT,75.55,-4.93,75.53,1,1,1,0,1,3
22.160,DESCENT,75.45,-4.92,75.51,1,1,1,0,1,3
22.180,DESCENT,75.30,-5.02,74.49,1,1,1,0,1,3
22.200,DESCENT,75.20,-5.01,75.25,1,1,1,0,1,3
22.220,DESCENT,75.07,-5.05,74.73,1,1,1,0,1,3
22.240,DESCENT,74.97,-5.05,74.98,1,1,1,0,1,3
22.260,DESCENT,74.87,-5.05,74.89,1,1,1,0,1,3
22.280,DESCENT,74.80,-5.00,75.25,1,1,1,0,1,3
22.300,DESCENT,74.73,-4.96,75.05,1,1,1,0,1,3
22.320,DESCENT,74.63,-4.96,74.60,1,1,1,0,1,3
22.340,DESCENT,74.54,-4.95,74.64,1,1,1,0,1,3
22.360,DESCENT,74.44,-4.94,74.46,1,1,1,0,1,3
22.380,DESCENT,74.37,-4.90,74.73,1,1,1,0,1,3
22.400,DESCENT,74.25,-4.92,74.07,1,1,1,0,1,3
22.420,DESCENT,74.15,-4.93,74.10,1,1,1,0,1,3
22.440,DESCENT,74.05,-4.93,74.00,1,1,1,0,1,3
22.460,DESCENT,73.96,-4.93,74.01,1,1,1,0,1,3
22.480,DESCENT,73.82,-4.99,73.31,1,1,1,0,1,3
22.500,DESCENT,73.69,-5.04,73.26,1,1,1,0,1,3
22.520,DESCENT,73.58,-5.06,73.41,1,1,1,0,1,3
22.540,DESCENT,73.51,-5.01,73.94,1,1,1,0,1,3
22.560,DESCENT,73.41,-4.99,73.54,1,1,1,0,1,3
22.580,DESCENT,73.30,-5.02,73.08,1,1,1,0,1,3
22.600,DESCENT,73.22,-4.98,73.54,1,1,1,0,1,3
22.620,DESCENT,73.10,-5.02,72.77,1,1,1,0,1,3
22.640,DESCENT,72.99,-5.04,72.82,1,1,1,0,1,3
22.660,DESCENT,72.92,-4.99,73.35,1,1,1,0,1,3
22.680,DESCENT,72.80,-5.02,72.53,1,1,1,0,1,3
22.700,DESCENT,72.74,-4.95,73.30,1,1,1,0,1,3
22.720,DESCENT,72.62,-4.99,72.35,1,1,1,0,1,3
22.740,DESCENT,72.53,-4.97,72.68,1,1,1,0,1,3
22.760,DESCENT,72.43,-4.96,72.47,1,1,1,0,1,3
22.780,DESCENT,72.35,-4.93,72.61,1,1,1,0,1,3
22.800,DESCENT,72.24,-4.96,71.98,1,1,1,0,1,3
22.820,DESCENT,72.15,-4.94,72.34,1,1,1,0,1,3
22.840,DESCENT,72.01,-5.02,71.39,1,1,1,0,1,3
22.860,DESCENT,71.91,-5.01,71.99,1,1,1,0,1,3
22.880,DESCENT,71.80,-5.02,71.68,1,1,1,0,1,3
22.900,DESCENT,71.72,-4.99,71.93,1,1,1,0,1,3
22.920,DESCENT,71.62,-5.00,71.58,1,1,1,0,1,3
22.940,DESCENT,71.54,-4.97,71.80,1,1,1,0,1,3
22.960,DESCENT,71.43,-4.97,71.41,1,1,1,0,1,3
22.980,DESCENT,71.34,-4.96,71.41,1,1,1,0,1,3
23.000,DESCENT,71.22,-4.99,70.95,1,1,1,0,1,3
23.020,DESCENT,71.12,-5.00,71.04,1,1,1,0,1,3
23.040,DESCENT,71.03,-4.97,71.30,1,1,1,0,1,3
23.060,DESCENT,70.95,-4.95,71.15,1,1,1,0,1,3
23.080,DESCENT,70.83,-4.99,70.49,1,1,1,0,1,3
23.100,DESCENT,70.74,-4.96,70.99,1,1,1,0,1,3
23.120,DESCENT,70.63,-4.99,70.36,1,1,1,0,1,3
23.140,DESCENT,70.53,-4.99,70.51,1,1,1,0,1,3
23.160,DESCENT,70.38,-5.06,69.81,1,1,1,0,1,3
23.180,DESCENT,70.30,-5.04,70.49,1,1,1,0,1,3
23.200,DESCENT,70.18,-5.07,69.96,1,1,1,0,1,3
23.220,DESCENT,70.07,-5.08,70.00,1,1,1,0,1,3
23.240,DESCENT,70.01,-5.01,70.53,1,1,1,0,1,3
23.260,DESCENT,69.88,-5.05,69.55,1,1,1,0,1,3
23.280,DESCENT,69.75,-5.11,69.31,1,1,1,0,1,3
23.300,DESCENT,69.64,-5.13,69.47,1,1,1,0,1,3
23.320,DESCENT,69.55,-5.11,69.72,1,1,1,0,1,3
23.340,DESCENT,69.46,-5.09,69.59,1,1,1,0,1,3
23.360,DESCENT,69.35,-5.09,69.37,1,1,1,0,1,3
23.380,DESCENT,69.25,-5.09,69.23,1,1,1,0,1,3
23.400,DESCENT,69.18,-5.05,69.54,1,1,1,0,1,3
23.420,DESCENT,69.07,-5.05,69.02,1,1,1,0,1,3
23.440,DESCENT,69.00,-5.00,69.46,1,1,1,0,1,3
23.460,DESCENT,68.92,-4.97,69.17,1,1,1,0,1,3
23.480,DESCENT,68.80,-5.00,68.56,1,1,1,0,1,3
23.500,DESCENT,68.68,-5.03,68.37,1,1,1,0,1,3
23.520,DESCENT,68.58,-5.03,68.62,1,1,1,0,1,3
23.540,DESCENT,68.52,-4.97,68.98,1,1,1,0,1,3
23.560,DESCENT,68.38,-5.03,67.91,1,1,1,0,1,3
23.580,DESCENT,68.26,-5.07,67.94,1,1,1,0,1,3
23.600,DESCENT,68.15,-5.09,68.03,1,1,1,0,1,3
23.620,DESCENT,68.02,-5.13,67.69,1,1,1,0,1,3
23.640,DESCENT,67.93,-5.12,68.00,1,1,1,0,1,3
23.660,DESCENT,67.84,-5.10,68.00,1,1,1,0,1,3
23.680,DESCENT,67.71,-5.14,67.37,1,1,1,0,1,3
23.700,DESCENT,67.63,-5.10,67.92,1,1,1,0,1,3
23.720,DESCENT,67.53,-5.09,67.60,1,1,1,0,1,3
23.740,DESCENT,67.45,-5.06,67.69,1,1,1,0,1,3
23.760,DESCENT,67.34,-5.07,67.30,1,1,1,0,1,3
23.780,DESCENT,67.22,-5.10,66.97,1,1,1,0,1,3
23.800,DESCENT,67.14,-5.07,67.35,1,1,1,0,1,3
23.820,DESCENT,67.03,-5.09,66.93,1,1,1,0,1,3
23.840,DESCENT,66.95,-5.04,67.36,1,1,1,0,1,3
23.860,DESCENT,66.84,-5.06,66.63,1,1,1,0,1,3
23.880,DESCENT,66.73,-5.08,66.60,1,1,1,0,1,3
23.900,DESCENT,66.65,-5.04,66.98,1,1,1,0,1,3
23.920,DESCENT,66.57,-5.01,66.80,1,1,1,0,1,3
23.940,DESCENT,66.43,-5.07,65.92,1,1,1,0,1,3
23.960,DESCENT,66.33,-5.06,66.41,1,1,1,0,1,3
23.980,DESCENT,66.24,-5.04,66.39,1,1,1,0,1,3
24.000,DESCENT,66.14,-5.05,66.09,1,1,1,0,1,3
24.020,DESCENT,65.98,-5.15,65.20,1,1,1,0,1,3
24.040,DESCENT,65.92,-5.08,66.48,1,1,1,0,1,3
24.060,DESCENT,65.81,-5.09,65.74,1,1,1,0,1,3
24.080,DESCENT,65.71,-5.09,65.65,1,1,1,0,1,3
24.100,DESCENT,65.60,-5.09,65.61,1,1,1,0,1,3
24.120,DESCENT,65.47,-5.15,65.05,1,1,1,0,1,3
24.140,DESCENT,65.39,-5.12,65.62,1,1,1,0,1,3
24.160,DESCENT,65.29,-5.11,65.32,1,1,1,0,1,3
24.180,DESCENT,65.19,-5.10,65.24,1,1,1,0,1,3
24.200,DESCENT,65.12,-5.04,65.62,1,1,1,0,1,3
24.220,DESCENT,65.01,-5.07,64.80,1,1,1,0,1,3
24.240,DESCENT,64.92,-5.04,65.18,1,1,1,0,1,3
24.260,DESCENT,64.83,-5.02,65.00,1,1,1,0,1,3
24.280,DESCENT,64.72,-5.04,64.56,1,1,1,0,1,3
24.300,DESCENT,64.61,-5.05,64.52,1,1,1,0,1,3
24.320,DESCENT,64.49,-5.09,64.13,1,1,1,0,1,3
24.340,DESCENT,64.40,-5.07,64.60,1,1,1,0,1,3
24.360,DESCENT,64.30,-5.07,64.26,1,1,1,0,1,3
24.380,DESCENT,64.20,-5.07,64.20,1,1,1,0,1,3
24.400,DESCENT,64.10,-5.06,64.17,1,1,1,0,1,3
24.420,DESCENT,63.99,-5.07,63.92,1,1,1,0,1,3
24.440,DESCENT,63.91,-5.04,64.19,1,1,1,0,1,3
24.460,DESCENT,63.84,-4.99,64.26,1,1,1,0,1,3
24.480,DESCENT,63.73,-5.01,63.56,1,1,1,0,1,3
24.500,DESCENT,63.67,-4.93,64.28,1,1,1,0,1,3
24.520,DESCENT,63.59,-4.91,63.77,1,1,1,0,1,3
24.540,DESCENT,63.52,-4.86,63.94,1,1,1,0,1,3
24.560,DESCENT,63.42,-4.86,63.40,1,1,1,0,1,3
24.580,DESCENT,63.33,-4.85,63.36,1,1,1,0,1,3
24.600,DESCENT,63.22,-4.86,63.16,1,1,1,0,1,3
24.620,DESCENT,63.08,-4.94,62.45,1,1,1,0,1,3
24.640,DESCENT,62.97,-4.97,62.76,1,1,1,0,1,3
24.660,DESCENT,62.88,-4.94,63.06,1,1,1,0,1,3
24.680,DESCENT,62.76,-4.98,62.50,1,1,1,0,1,3
24.700,DESCENT,62.67,-4.97,62.73,1,1,1,0,1,3
24.720,DESCENT,62.53,-5.04,61.92,1,1,1,0,1,3
24.740,DESCENT,62.44,-5.02,62.63,1,1,1,0,1,3
24.760,DESCENT,62.33,-5.04,62.18,1,1,1,0,1,3
24.780,DESCENT,62.24,-5.02,62.38,1,1,1,0,1,3
24.800,DESCENT,62.14,-5.02,62.14,1,1,1,0,1,3
24.820,DESCENT,62.04,-5.02,62.02,1,1,1,0,1,3
24.840,DESCENT,61.94,-5.01,62.05,1,1,1,0,1,3
24.860,DESCENT,61.83,-5.03,61.64,1,1,1,0,1,3
24.880,DESCENT,61.74,-5.00,61.98,1,1,1,0,1,3
24.900,DESCENT,61.67,-4.96,62.02,1,1,1,0,1,3
24.920,DESCENT,61.58,-4.94,61.77,1,1,1,0,1,3
24.940,DESCENT,61.51,-4.89,61.85,1,1,1,0,1,3
24.960,DESCENT,61.39,-4.93,61.14,1,1,1,0,1,3
24.980,DESCENT,61.28,-4.95,61.06,1,1,1,0,1,3
25.000,DESCENT,61.18,-4.96,61.09,1,1,1,1,1,3
25.020,DESCENT,61.08,-4.95,61.19,1,1,1,1,1,3
25.040,DESCENT,60.99,-4.94,61.02,1,1,1,1,1,3
25.060,DESCENT,60.89,-4.95,60.85,1,1,1,1,1,3
25.080,DESCENT,60.78,-4.96,60.72,1,1,1,1,1,3
25.100,DESCENT,60.69,-4.95,60.75,1,1,1,1,1,3
25.120,DESCENT,60.60,-4.93,60.78,1,1,1,1,1,3
25.140,DESCENT,60.51,-4.92,60.54,1,1,1,1,1,3
25.160,DESCENT,60.43,-4.89,60.68,1,1,1,1,1,3
25.180,DESCENT,60.35,-4.85,60.63,1,1,1,1,1,3
25.200,DESCENT,60.28,-4.80,60.71,1,1,1,1,1,3
25.220,DESCENT,60.21,-4.75,60.62,1,1,1,1,1,3
25.240,DESCENT,60.09,-4.80,59.72,1,1,1,1,1,3
25.260,DESCENT,59.99,-4.81,59.90,1,1,1,1,1,3
25.280,DESCENT,59.89,-4.81,59.88,1,1,1,1,1,3
25.300,DESCENT,59.82,-4.77,60.17,1,1,1,1,1,3
25.320,DESCENT,59.73,-4.77,59.70,1,1,1,1,1,3
25.340,DESCENT,59.62,-4.79,59.45,1,1,1,1,1,3
25.360,DESCENT,59.51,-4.80,59.40,1,1,1,1,1,3
25.380,DESCENT,59.38,-4.87,58.88,1,1,1,1,1,3
25.400,DESCENT,59.28,-4.88,59.20,1,1,1,1,1,3
25.420,DESCENT,59.18,-4.88,59.18,1,1,1,1,1,3
25.440,DESCENT,59.07,-4.89,58.94,1,1,1,1,1,3
25.460,DESCENT,58.94,-4.96,58.36,1,1,1,1,1,3
25.480,DESCENT,58.84,-4.97,58.83,1,1,1,1,1,3
25.500,DESCENT,58.74,-4.96,58.80,1,1,1,1,1,3
25.520,DESCENT,58.65,-4.95,58.71,1,1,1,1,1,3
25.540,DESCENT,58.53,-4.99,58.23,1,1,1,1,1,3
25.560,DESCENT,58.44,-4.96,58.66,1,1,1,1,1,3
25.580,DESCENT,58.34,-4.96,58.30,1,1,1,1,1,3
25.600,DESCENT,58.23,-4.98,58.12,1,1,1,1,1,3
25.620,DESCENT,58.12,-5.00,57.96,1,1,1,1,1,3
25.640,DESCENT,58.02,-5.00,58.05,1,1,1,1,1,3
25.660,DESCENT,57.88,-5.07,57.30,1,1,1,1,1,3
25.680,DESCENT,57.79,-5.04,57.98,1,1,1,1,1,3
25.700,DESCENT,57.70,-5.03,57.85,1,1,1,1,1,3
25.720,DESCENT,57.59,-5.04,57.46,1,1,1,1,1,3
25.740,DESCENT,57.48,-5.06,57.37,1,1,1,1,1,3
25.760,DESCENT,57.38,-5.06,57.37,1,1,1,1,1,3
25.780,DESCENT,57.29,-5.04,57.41,1,1,1,1,1,3
25.800,DESCENT,57.20,-5.02,57.38,1,1,1,1,1,3
25.820,DESCENT,57.07,-5.07,56.67,1,1,1,1,1,3
25.840,DESCENT,56.95,-5.10,56.68,1,1,1,1,1,3
25.860,DESCENT,56.84,-5.12,56.75,1,1,1,1,1,3
25.880,DESCENT,56.73,-5.14,56.57,1,1,1,1,1,3
25.900,DESCENT,56.60,-5.17,56.31,1,1,1,1,1,3
25.920,DESCENT,56.48,-5.21,56.17,1,1,1,1,1,3
25.940,DESCENT,56.39,-5.19,56.59,1,1,1,1,1,3
25.960,DESCENT,56.29,-5.19,56.30,1,1,1,1,1,3
25.980,DESCENT,56.16,-5.22,55.85,1,1,1,1,1,3
26.000,DESCENT,56.05,-5.23,56.00,1,1,1,1,1,3
26.020,DESCENT,55.97,-5.18,56.36,1,1,1,1,1,3
26.040,DESCENT,55.87,-5.19,55.81,1,1,1,1,1,3
26.060,DESCENT,55.80,-5.13,56.31,1,1,1,1,1,3
26.080,DESCENT,55.68,-5.15,55.49,1,1,1,1,1,3
26.100,DESCENT,55.59,-5.13,55.77,1,1,1,1,1,3
26.120,DESCENT,55.50,-5.11,55.66,1,1,1,1,1,3
26.140,DESCENT,55.40,-5.11,55.36,1,1,1,1,1,3
26.160,DESCENT,55.32,-5.07,55.65,1,1,1,1,1,3
26.180,DESCENT,55.21,-5.09,55.08,1,1,1,1,1,3
26.200,DESCENT,55.11,-5.08,55.13,1,1,1,1,1,3
26.220,DESCENT,55.00,-5.09,54.98,1,1,1,1,1,3
26.240,DESCENT,54.90,-5.09,54.88,1,1,1,1,1,3
26.260,DESCENT,54.82,-5.05,55.15,1,1,1,1,1,3
26.280,DESCENT,54.73,-5.04,54.77,1,1,1,1,1,3
26.300,DESCENT,54.61,-5.07,54.42,1,1,1,1,1,3
26.320,DESCENT,54.49,-5.10,54.21,1,1,1,1,1,3
26.340,DESCENT,54.39,-5.10,54.44,1,1,1,1,1,3
26.360,DESCENT,54.32,-5.04,54.81,1,1,1,1,1,3
26.380,DESCENT,54.27,-4.95,54.99,1,1,1,1,1,3
26.400,DESCENT,54.16,-4.97,54.01,1,1,1,1,1,3
26.420,DESCENT,54.09,-4.92,54.47,1,1,1,1,1,3
26.440,DESCENT,54.00,-4.91,54.06,1,1,1,1,1,3
26.460,DESCENT,53.91,-4.89,54.08,1,1,1,1,1,3
26.480,DESCENT,53.79,-4.93,53.45,1,1,1,1,1,3
26.500,DESCENT,53.71,-4.90,53.95,1,1,1,1,1,3
26.520,DESCENT,53.60,-4.92,53.46,1,1,1,1,1,3
26.540,DESCENT,53.47,-4.98,53.02,1,1,1,1,1,3
26.560,DESCENT,53.37,-4.98,53.32,1,1,1,1,1,3
26.580,DESCENT,53.29,-4.94,53.60,1,1,1,1,1,3
26.600,DESCENT,53.20,-4.92,53.38,1,1,1,1,1,3
26.620,DESCENT,53.09,-4.95,52.87,1,1,1,1,1,3
26.640,DESCENT,52.99,-4.95,52.98,1,1,1,1,1,3
26.660,DESCENT,52.87,-4.98,52.65,1,1,1,1,1,3
26.680,DESCENT,52.75,-5.03,52.36,1,1,1,1,1,3
26.700,DESCENT,52.65,-5.03,52.65,1,1,1,1,1,3
26.720,DESCENT,52.56,-5.00,52.80,1,1,1,1,1,3
26.740,DESCENT,52.49,-4.95,52.89,1,1,1,1,1,3
26.760,DESCENT,52.38,-4.97,52.19,1,1,1,1,1,3
26.780,DESCENT,52.26,-5.01,51.97,1,1,1,1,1,3
26.800,DESCENT,52.18,-4.98,52.41,1,1,1,1,1,3
26.820,DESCENT,52.08,-4.97,52.17,1,1,1,1,1,3
26.840,DESCENT,52.01,-4.92,52.38,1,1,1,1,1,3
26.860,DESCENT,51.91,-4.92,51.95,1,1,1,1,1,3
26.880,DESCENT,51.82,-4.91,51.85,1,1,1,1,1,3
26.900,DESCENT,51.71,-4.92,51.60,1,1,1,1,1,3
26.920,DESCENT,51.60,-4.96,51.34,1,1,1,1,1,3
26.940,DESCENT,51.49,-4.96,51.45,1,1,1,1,1,3
26.960,DESCENT,51.43,-4.90,51.90,1,1,1,1,1,3
26.980,DESCENT,51.33,-4.90,51.37,1,1,1,1,1,3
27.000,DESCENT,51.23,-4.90,51.23,1,1,1,1,1,3
27.020,DESCENT,51.16,-4.85,51.56,1,1,1,1,1,3
27.040,DESCENT,51.07,-4.84,51.18,1,1,1,1,1,3
27.060,DESCENT,50.97,-4.85,50.88,1,1,1,1,1,3
27.080,DESCENT,50.87,-4.85,50.84,1,1,1,1,1,3
27.100,DESCENT,50.77,-4.86,50.69,1,1,1,1,1,3
27.120,DESCENT,50.63,-4.93,50.11,1,1,1,1,1,3
27.140,DESCENT,50.54,-4.92,50.61,1,1,1,1,1,3
27.160,DESCENT,50.42,-4.96,50.12,1,1,1,1,1,3
27.180,DESCENT,50.30,-4.99,50.04,1,1,1,1,1,3
27.200,DESCENT,50.23,-4.95,50.57,1,1,1,1,1,3
27.220,DESCENT,50.13,-4.94,50.21,1,1,1,1,1,3
27.240,DESCENT,50.00,-4.99,49.57,1,1,1,1,1,3
27.260,DESCENT,49.85,-5.08,49.14,1,1,1,1,1,3
27.280,DESCENT,49.75,-5.09,49.69,1,1,1,1,1,3
27.300,DESCENT,49.65,-5.08,49.74,1,1,1,1,1,3
27.320,DESCENT,49.58,-5.03,49.93,1,1,1,1,1,3
27.340,DESCENT,49.50,-4.99,49.85,1,1,1,1,1,3
27.360,DESCENT,49.41,-4.97,49.60,1,1,1,1,1,3
27.380,DESCENT,49.29,-5.00,48.99,1,1,1,1,1,3
27.400,DESCENT,49.23,-4.94,49.74,1,1,1,1,1,3
27.420,DESCENT,49.11,-4.97,48.84,1,1,1,1,1,3
27.440,DESCENT,48.99,-5.02,48.64,1,1,1,1,1,3
27.460,DESCENT,48.88,-5.02,48.85,1,1,1,1,1,3
27.480,DESCENT,48.74,-5.09,48.16,1,1,1,1,1,3
27.500,DESCENT,48.65,-5.08,48.75,1,1,1,1,1,3
27.520,DESCENT,48.56,-5.05,48.83,1,1,1,1,1,3
27.540,DESCENT,48.45,-5.06,48.32,1,1,1,1,1,3
27.560,DESCENT,48.35,-5.07,48.33,1,1,1,1,1,3
27.580,DESCENT,48.25,-5.06,48.29,1,1,1,1,1,3
27.600,DESCENT,48.17,-5.03,48.42,1,1,1,1,1,3
27.620,DESCENT,48.09,-5.00,48.32,1,1,1,1,1,3
27.640,DESCENT,47.99,-5.00,48.00,1,1,1,1,1,3
27.660,DESCENT,47.88,-5.02,47.74,1,1,1,1,1,3
27.680,DESCENT,47.78,-5.01,47.80,1,1,1,1,1,3
27.700,DESCENT,47.66,-5.04,47.45,1,1,1,1,1,3
27.720,DESCENT,47.55,-5.06,47.42,1,1,1,1,1,3
27.740,DESCENT,47.45,-5.07,47.38,1,1,1,1,1,3
27.760,DESCENT,47.37,-5.03,47.69,1,1,1,1,1,3
27.780,DESCENT,47.24,-5.07,46.85,1,1,1,1,1,3
27.800,DESCENT,47.14,-5.07,47.20,1,1,1,1,1,3
27.820,DESCENT,47.01,-5.12,46.61,1,1,1,1,1,3
27.840,DESCENT,46.90,-5.13,46.78,1,1,1,1,1,3
27.860,DESCENT,46.81,-5.12,46.89,1,1,1,1,1,3
27.880,DESCENT,46.75,-5.04,47.40,1,1,1,1,1,3
27.900,DESCENT,46.64,-5.05,46.58,1,1,1,1,1,3
27.920,DESCENT,46.53,-5.07,46.37,1,1,1,1,1,3
27.940,DESCENT,46.45,-5.04,46.66,1,1,1,1,1,3
27.960,DESCENT,46.37,-5.00,46.68,1,1,1,1,1,3
27.980,DESCENT,46.27,-5.00,46.33,1,1,1,1,1,3
28.000,DESCENT,46.16,-5.01,46.06,1,1,1,1,1,3
28.020,DESCENT,46.07,-5.01,46.09,1,1,1,1,1,3
28.040,DESCENT,45.97,-5.00,46.02,1,1,1,1,1,3
28.060,DESCENT,45.89,-4.96,46.20,1,1,1,1,1,3
28.080,DESCENT,45.81,-4.93,46.06,1,1,1,1,1,3
28.100,DESCENT,45.70,-4.95,45.53,1,1,1,1,1,3
28.120,DESCENT,45.58,-4.98,45.32,1,1,1,1,1,3
28.140,DESCENT,45.48,-4.98,45.49,1,1,1,1,1,3
28.160,DESCENT,45.36,-5.02,45.06,1,1,1,1,1,3
28.180,DESCENT,45.25,-5.04,45.09,1,1,1,1,1,3
28.200,DESCENT,45.16,-5.02,45.35,1,1,1,1,1,3
28.220,DESCENT,45.01,-5.10,44.30,1,1,1,1,1,3
28.240,DESCENT,44.90,-5.12,44.77,1,1,1,1,1,3
28.260,DESCENT,44.79,-5.13,44.67,1,1,1,1,1,3
28.280,DESCENT,44.69,-5.12,44.78,1,1,1,1,1,3
28.300,DESCENT,44.60,-5.11,44.72,1,1,1,1,1,3
28.320,DESCENT,44.49,-5.11,44.45,1,1,1,1,1,3
28.340,DESCENT,44.40,-5.09,44.55,1,1,1,1,1,3
28.360,DESCENT,44.29,-5.11,44.17,1,1,1,1,1,3
28.380,DESCENT,44.21,-5.07,44.50,1,1,1,1,1,3
28.400,DESCENT,44.12,-5.05,44.31,1,1,1,1,1,3
28.420,DESCENT,44.02,-5.06,43.93,1,1,1,1,1,3
28.440,DESCENT,43.92,-5.05,44.02,1,1,1,1,1,3
28.460,DESCENT,43.84,-5.02,44.09,1,1,1,1,1,3
28.480,DESCENT,43.75,-5.00,43.88,1,1,1,1,1,3
28.500,DESCENT,43.63,-5.02,43.46,1,1,1,1,1,3
28.520,DESCENT,43.54,-5.01,43.64,1,1,1,1,1,3
28.540,DESCENT,43.45,-4.99,43.59,1,1,1,1,1,3
28.560,DESCENT,43.35,-5.00,43.32,1,1,1,1,1,3
28.580,DESCENT,43.25,-4.99,43.27,1,1,1,1,1,3
28.600,DESCENT,43.15,-5.00,43.09,1,1,1,1,1,3
28.620,DESCENT,43.03,-5.03,42.81,1,1,1,1,1,3
28.640,DESCENT,42.93,-5.03,42.93,1,1,1,1,1,3
28.660,DESCENT,42.84,-5.02,42.93,1,1,1,1,1,3
28.680,DESCENT,42.72,-5.05,42.46,1,1,1,1,1,3
28.700,DESCENT,42.62,-5.05,42.60,1,1,1,1,1,3
28.720,DESCENT,42.53,-5.03,42.67,1,1,1,1,1,3
28.740,DESCENT,42.42,-5.03,42.41,1,1,1,1,1,3
28.760,DESCENT,42.32,-5.03,42.34,1,1,1,1,1,3
28.780,DESCENT,42.24,-5.01,42.40,1,1,1,1,1,3
28.800,DESCENT,42.13,-5.01,42.11,1,1,1,1,1,3
28.820,DESCENT,42.05,-4.99,42.26,1,1,1,1,1,3
28.840,DESCENT,41.98,-4.93,42.41,1,1,1,1,1,3
28.860,DESCENT,41.89,-4.92,41.96,1,1,1,1,1,3
28.880,DESCENT,41.80,-4.91,41.90,1,1,1,1,1,3
28.900,DESCENT,41.70,-4.90,41.77,1,1,1,1,1,3
28.920,DESCENT,41.58,-4.94,41.31,1,1,1,1,1,3
28.940,DESCENT,41.47,-4.97,41.18,1,1,1,1,1,3
28.960,DESCENT,41.34,-5.01,41.03,1,1,1,1,1,3
28.980,DESCENT,41.25,-4.99,41.39,1,1,1,1,1,3
29.000,DESCENT,41.14,-5.01,41.01,1,1,1,1,1,3
29.020,DESCENT,41.03,-5.03,40.91,1,1,1,1,1,3
29.040,DESCENT,40.95,-5.01,41.10,1,1,1,1,1,3
29.060,DESCENT,40.88,-4.95,41.31,1,1,1,1,1,3
29.080,DESCENT,40.76,-4.98,40.57,1,1,1,1,1,3
29.100,DESCENT,40.65,-5.00,40.44,1,1,1,1,1,3
29.120,DESCENT,40.57,-4.96,40.94,1,1,1,1,1,3
29.140,DESCENT,40.46,-4.98,40.30,1,1,1,1,1,3
29.160,DESCENT,40.37,-4.97,40.46,1,1,1,1,1,3
29.180,DESCENT,40.27,-4.97,40.21,1,1,1,1,1,3
29.200,DESCENT,40.17,-4.97,40.20,1,1,1,1,1,3
29.220,DESCENT,40.06,-4.99,39.91,1,1,1,1,1,3
29.240,DESCENT,39.96,-4.98,40.02,1,1,1,1,1,3
29.260,DESCENT,39.87,-4.97,39.94,1,1,1,1,1,3
29.280,DESCENT,39.75,-5.01,39.49,1,1,1,1,1,3
29.300,DESCENT,39.67,-4.97,39.94,1,1,1,1,1,3
29.320,DESCENT,39.59,-4.94,39.81,1,1,1,1,1,3
29.340,DESCENT,39.49,-4.94,39.54,1,1,1,1,1,3
29.360,DESCENT,39.41,-4.91,39.61,1,1,1,1,1,3
29.380,DESCENT,39.31,-4.92,39.29,1,1,1,1,1,3
29.400,DESCENT,39.18,-4.97,38.77,1,1,1,1,1,3
29.420,DESCENT,39.08,-4.97,39.04,1,1,1,1,1,3
29.440,DESCENT,39.00,-4.94,39.26,1,1,1,1,1,3
29.460,DESCENT,38.92,-4.91,39.17,1,1,1,1,1,3
29.480,DESCENT,38.81,-4.91,38.75,1,1,1,1,1,3
29.500,DESCENT,38.73,-4.89,38.89,1,1,1,1,1,3
29.520,DESCENT,38.62,-4.90,38.56,1,1,1,1,1,3
29.540,DESCENT,38.50,-4.94,38.19,1,1,1,1,1,3
29.560,DESCENT,38.39,-4.97,38.14,1,1,1,1,1,3
29.580,DESCENT,38.32,-4.92,38.74,1,1,1,1,1,3
29.600,DESCENT,38.21,-4.93,38.09,1,1,1,1,1,3
29.620,DESCENT,38.09,-4.97,37.80,1,1,1,1,1,3
29.640,DESCENT,37.98,-4.99,37.79,1,1,1,1,1,3
29.660,DESCENT,37.86,-5.02,37.63,1,1,1,1,1,3
29.680,DESCENT,37.75,-5.04,37.61,1,1,1,1,1,3
29.700,DESCENT,37.63,-5.07,37.41,1,1,1,1,1,3
29.720,DESCENT,37.51,-5.10,37.24,1,1,1,1,1,3
29.740,DESCENT,37.44,-5.05,37.85,1,1,1,1,1,3
29.760,DESCENT,37.36,-5.02,37.60,1,1,1,1,1,3
29.780,DESCENT,37.26,-5.02,37.27,1,1,1,1,1,3
29.800,DESCENT,37.14,-5.05,36.87,1,1,1,1,1,3
29.820,DESCENT,37.05,-5.04,37.20,1,1,1,1,1,3
29.840,DESCENT,36.95,-5.04,36.92,1,1,1,1,1,3
29.860,DESCENT,36.86,-5.01,37.12,1,1,1,1,1,3
29.880,DESCENT,36.72,-5.07,36.20,1,1,1,1,1,3
29.900,DESCENT,36.61,-5.10,36.41,1,1,1,1,1,3
29.920,DESCENT,36.52,-5.07,36.73,1,1,1,1,1,3
29.940,DESCENT,36.43,-5.05,36.58,1,1,1,1,1,3
29.960,DESCENT,36.34,-5.04,36.41,1,1,1,1,1,3
29.980,DESCENT,36.26,-5.00,36.59,1,1,1,1,1,3
30.000,DESCENT,36.15,-5.01,36.11,1,1,1,1,1,3
30.020,DESCENT,36.05,-5.01,36.01,1,1,1,1,1,3
30.040,DESCENT,35.96,-4.99,36.12,1,1,1,1,1,3
30.060,DESCENT,35.89,-4.95,36.21,1,1,1,1,1,3
30.080,DESCENT,35.79,-4.94,35.89,1,1,1,1,1,3
30.100,DESCENT,35.69,-4.95,35.67,1,1,1,1,1,3
30.120,DESCENT,35.60,-4.94,35.68,1,1,1,1,1,3
30.140,DESCENT,35.50,-4.94,35.47,1,1,1,1,1,3
30.160,DESCENT,35.40,-4.94,35.35,1,1,1,1,1,3
30.180,DESCENT,35.29,-4.95,35.24,1,1,1,1,1,3
30.200,DESCENT,35.17,-5.00,34.79,1,1,1,1,1,3
30.220,DESCENT,35.06,-5.01,35.00,1,1,1,1,1,3
30.240,DESCENT,34.97,-5.00,35.01,1,1,1,1,1,3
30.260,DESCENT,34.85,-5.03,34.59,1,1,1,1,1,3
30.280,DESCENT,34.72,-5.09,34.28,1,1,1,1,1,3
30.300,DESCENT,34.62,-5.08,34.63,1,1,1,1,1,3
30.320,DESCENT,34.53,-5.07,34.68,1,1,1,1,1,3
30.340,DESCENT,34.40,-5.11,34.02,1,1,1,1,1,3
30.360,DESCENT,34.31,-5.08,34.59,1,1,1,1,1,3
30.380,DESCENT,34.20,-5.11,33.96,1,1,1,1,1,3
30.400,DESCENT,34.10,-5.09,34.24,1,1,1,1,1,3
30.420,DESCENT,33.99,-5.11,33.86,1,1,1,1,1,3
30.440,DESCENT,33.88,-5.12,33.81,1,1,1,1,1,3
30.460,DESCENT,33.81,-5.07,34.21,1,1,1,1,1,3
30.480,DESCENT,33.71,-5.06,33.77,1,1,1,1,1,3
30.500,DESCENT,33.64,-5.01,34.03,1,1,1,1,1,3
30.520,DESCENT,33.53,-5.03,33.37,1,1,1,1,1,3
30.540,DESCENT,33.43,-5.03,33.42,1,1,1,1,1,3
30.560,DESCENT,33.34,-5.00,33.58,1,1,1,1,1,3
30.580,DESCENT,33.22,-5.04,32.91,1,1,1,1,1,3
30.600,DESCENT,33.13,-5.02,33.31,1,1,1,1,1,3
30.620,DESCENT,33.01,-5.07,32.63,1,1,1,1,1,3
30.640,DESCENT,32.90,-5.07,32.86,1,1,1,1,1,3
30.660,DESCENT,32.81,-5.06,32.93,1,1,1,1,1,3
30.680,DESCENT,32.68,-5.10,32.34,1,1,1,1,1,3
30.700,DESCENT,32.58,-5.11,32.53,1,1,1,1,1,3
30.720,DESCENT,32.47,-5.11,32.45,1,1,1,1,1,3
30.740,DESCENT,32.39,-5.08,32.61,1,1,1,1,1,3
30.760,DESCENT,32.29,-5.07,32.42,1,1,1,1,1,3
30.780,DESCENT,32.18,-5.09,32.02,1,1,1,1,1,3
30.800,DESCENT,32.06,-5.12,31.76,1,1,1,1,1,3
30.820,DESCENT,31.94,-5.14,31.77,1,1,1,1,1,3
30.840,DESCENT,31.83,-5.16,31.73,1,1,1,1,1,3
30.860,DESCENT,31.72,-5.18,31.55,1,1,1,1,1,3
30.880,DESCENT,31.63,-5.15,31.84,1,1,1,1,1,3
30.900,DESCENT,31.53,-5.14,31.65,1,1,1,1,1,3
30.920,DESCENT,31.44,-5.12,31.61,1,1,1,1,1,3
30.940,DESCENT,31.37,-5.07,31.76,1,1,1,1,1,3
30.960,DESCENT,31.27,-5.07,31.23,1,1,1,1,1,3
30.980,DESCENT,31.16,-5.08,31.12,1,1,1,1,1,3
31.000,DESCENT,31.09,-5.03,31.46,1,1,1,1,1,3
31.020,DESCENT,30.99,-5.02,31.09,1,1,1,1,1,3
31.040,DESCENT,30.92,-4.96,31.38,1,1,1,1,1,3
31.060,DESCENT,30.84,-4.95,30.98,1,1,1,1,1,3
31.080,DESCENT,30.73,-4.96,30.62,1,1,1,1,1,3
31.100,DESCENT,30.65,-4.93,30.93,1,1,1,1,1,3
31.120,DESCENT,30.55,-4.93,30.53,1,1,1,1,1,3
31.140,DESCENT,30.46,-4.90,30.65,1,1,1,1,1,3
31.160,DESCENT,30.37,-4.90,30.39,1,1,1,1,1,3
31.180,DESCENT,30.23,-4.97,29.68,1,1,1,1,1,3
31.200,DESCENT,30.13,-4.96,30.18,1,1,1,1,1,3
31.220,DESCENT,30.06,-4.92,30.41,1,1,1,1,1,3
31.240,DESCENT,29.95,-4.95,29.73,1,1,1,1,1,3
31.260,DESCENT,29.86,-4.93,30.03,1,1,1,1,1,3
31.280,DESCENT,29.76,-4.93,29.74,1,1,1,1,1,3
31.300,DESCENT,29.65,-4.95,29.45,1,1,1,1,1,3
31.320,DESCENT,29.56,-4.94,29.71,1,1,1,1,1,3
31.340,DESCENT,29.48,-4.91,29.69,1,1,1,1,1,3
31.360,DESCENT,29.36,-4.93,29.17,1,1,1,1,1,3
31.380,DESCENT,29.26,-4.94,29.18,1,1,1,1,1,3
31.400,DESCENT,29.16,-4.94,29.20,1,1,1,1,1,3
31.420,DESCENT,29.07,-4.93,29.13,1,1,1,1,1,3
31.440,DESCENT,28.97,-4.93,28.98,1,1,1,1,1,3
31.460,DESCENT,28.87,-4.94,28.80,1,1,1,1,1,3
31.480,DESCENT,28.77,-4.93,28.85,1,1,1,1,1,3
31.500,DESCENT,28.64,-4.98,28.19,1,1,1,1,1,3
31.520,DESCENT,28.56,-4.96,28.75,1,1,1,1,1,3
31.540,DESCENT,28.47,-4.93,28.72,1,1,1,1,1,3
31.560,DESCENT,28.38,-4.92,28.43,1,1,1,1,1,3
31.580,DESCENT,28.27,-4.94,28.18,1,1,1,1,1,3
31.600,DESCENT,28.18,-4.93,28.21,1,1,1,1,1,3
31.620,DESCENT,28.08,-4.93,28.07,1,1,1,1,1,3
31.640,DESCENT,27.98,-4.94,27.91,1,1,1,1,1,3
31.660,DESCENT,27.88,-4.94,27.92,1,1,1,1,1,3
31.680,DESCENT,27.77,-4.95,27.63,1,1,1,1,1,3
31.700,DESCENT,27.63,-5.03,27.00,1,1,1,1,1,3
31.720,DESCENT,27.56,-4.97,28.08,1,1,1,1,1,3
31.740,DESCENT,27.48,-4.94,27.71,1,1,1,1,1,3
31.760,DESCENT,27.36,-4.97,27.12,1,1,1,1,1,3
31.780,DESCENT,27.26,-4.97,27.25,1,1,1,1,1,3
31.800,DESCENT,27.15,-4.99,27.02,1,1,1,1,1,3
31.820,DESCENT,27.02,-5.05,26.50,1,1,1,1,1,3
31.840,DESCENT,26.90,-5.09,26.61,1,1,1,1,1,3
31.860,DESCENT,26.79,-5.09,26.78,1,1,1,1,1,3
31.880,DESCENT,26.69,-5.09,26.65,1,1,1,1,1,3
31.900,DESCENT,26.60,-5.07,26.80,1,1,1,1,1,3
31.920,DESCENT,26.46,-5.14,25.93,1,1,1,1,1,3
31.940,DESCENT,26.36,-5.14,26.32,1,1,1,1,1,3
31.960,DESCENT,26.26,-5.13,26.38,1,1,1,1,1,3
31.980,DESCENT,26.17,-5.11,26.28,1,1,1,1,1,3
32.000,DESCENT,26.07,-5.11,26.12,1,1,1,1,1,3
32.020,DESCENT,25.98,-5.08,26.21,1,1,1,1,1,3
32.040,DESCENT,25.90,-5.04,26.20,1,1,1,1,1,3
32.060,DESCENT,25.81,-5.03,25.89,1,1,1,1,1,3
32.080,DESCENT,25.72,-5.01,25.89,1,1,1,1,1,3
32.100,DESCENT,25.63,-4.98,25.84,1,1,1,1,1,3
32.120,DESCENT,25.52,-5.00,25.35,1,1,1,1,1,3
32.140,DESCENT,25.46,-4.94,25.99,1,1,1,1,1,3
32.160,DESCENT,25.34,-4.98,25.00,1,1,1,1,1,3
32.180,DESCENT,25.25,-4.96,25.41,1,1,1,1,1,3
32.200,DESCENT,25.14,-4.98,24.93,1,1,1,1,1,3
32.220,DESCENT,25.03,-5.00,24.90,1,1,1,1,1,3
32.240,DESCENT,24.91,-5.03,24.64,1,1,1,1,1,3
32.260,DESCENT,24.80,-5.04,24.72,1,1,1,1,1,3
32.280,DESCENT,24.69,-5.07,24.52,1,1,1,1,1,3
32.300,DESCENT,24.56,-5.12,24.15,1,1,1,1,1,3
32.320,DESCENT,24.48,-5.08,24.78,1,1,1,1,1,3
32.340,DESCENT,24.38,-5.07,24.46,1,1,1,1,1,3
32.360,DESCENT,24.27,-5.08,24.14,1,1,1,1,1,3
32.380,DESCENT,24.14,-5.13,23.81,1,1,1,1,1,3
32.400,DESCENT,24.06,-5.10,24.28,1,1,1,1,1,3
32.420,DESCENT,23.95,-5.11,23.86,1,1,1,1,1,3
32.440,DESCENT,23.85,-5.10,23.91,1,1,1,1,1,3
32.460,DESCENT,23.77,-5.07,24.08,1,1,1,1,1,3
32.480,DESCENT,23.67,-5.07,23.64,1,1,1,1,1,3
32.500,DESCENT,23.56,-5.08,23.43,1,1,1,1,1,3
32.520,DESCENT,23.46,-5.07,23.56,1,1,1,1,1,3
32.540,DESCENT,23.40,-5.01,23.88,1,1,1,1,1,3
32.560,DESCENT,23.31,-4.99,23.52,1,1,1,1,1,3
32.580,DESCENT,23.21,-4.99,23.16,1,1,1,1,1,3
32.600,DESCENT,23.13,-4.96,23.38,1,1,1,1,1,3
32.620,DESCENT,23.02,-4.97,22.92,1,1,1,1,1,3
32.640,DESCENT,22.94,-4.93,23.26,1,1,1,1,1,3
32.660,DESCENT,22.86,-4.90,23.09,1,1,1,1,1,3
32.680,DESCENT,22.76,-4.91,22.70,1,1,1,1,1,3
32.700,DESCENT,22.67,-4.89,22.82,1,1,1,1,1,3
32.720,DESCENT,22.58,-4.88,22.68,1,1,1,1,1,3
32.740,DESCENT,22.50,-4.85,22.77,1,1,1,1,1,3
32.760,DESCENT,22.40,-4.85,22.41,1,1,1,1,1,3
32.780,DESCENT,22.29,-4.89,21.99,1,1,1,1,1,3
32.800,DESCENT,22.21,-4.84,22.57,1,1,1,1,1,3
32.820,DESCENT,22.10,-4.87,21.85,1,1,1,1,1,3
32.840,DESCENT,21.98,-4.91,21.71,1,1,1,1,1,3
32.860,DESCENT,21.87,-4.93,21.71,1,1,1,1,1,3
32.880,DESCENT,21.81,-4.86,22.36,1,1,1,1,1,3
32.900,DESCENT,21.71,-4.86,21.67,1,1,1,1,1,3
32.920,DESCENT,21.61,-4.87,21.61,1,1,1,1,1,3
32.940,DESCENT,21.53,-4.85,21.67,1,1,1,1,1,3
32.960,DESCENT,21.41,-4.88,21.18,1,1,1,1,1,3
32.980,DESCENT,21.28,-4.94,20.81,1,1,1,1,1,3
33.000,DESCENT,21.17,-4.96,20.99,1,1,1,1,1,3
33.020,DESCENT,21.04,-5.02,20.58,1,1,1,1,1,3
33.040,DESCENT,20.95,-4.99,21.16,1,1,1,1,1,3
33.060,DESCENT,20.87,-4.97,21.05,1,1,1,1,1,3
33.080,DESCENT,20.76,-4.98,20.65,1,1,1,1,1,3
33.100,DESCENT,20.67,-4.96,20.88,1,1,1,1,1,3
33.120,DESCENT,20.56,-4.97,20.41,1,1,1,1,1,3
33.140,DESCENT,20.47,-4.96,20.59,1,1,1,1,1,3
33.160,DESCENT,20.39,-4.94,20.56,1,1,1,1,1,3
33.180,DESCENT,20.31,-4.89,20.67,1,1,1,1,1,3
33.200,DESCENT,20.23,-4.86,20.49,1,1,1,1,1,3
33.220,DESCENT,20.14,-4.86,20.13,1,1,1,1,1,3
33.240,DESCENT,20.03,-4.88,19.89,1,1,1,1,1,3
33.260,DESCENT,19.93,-4.88,19.91,1,1,1,1,1,3
33.280,DESCENT,19.81,-4.92,19.49,1,1,1,1,1,3
33.300,DESCENT,19.71,-4.92,19.71,1,1,1,1,1,3
33.320,DESCENT,19.59,-4.96,19.27,1,1,1,1,1,3
33.340,DESCENT,19.50,-4.94,19.65,1,1,1,1,1,3
33.360,DESCENT,19.41,-4.93,19.53,1,1,1,1,1,3
33.380,DESCENT,19.30,-4.95,19.14,1,1,1,1,1,3
33.400,DESCENT,19.18,-4.99,18.86,1,1,1,1,1,3
33.420,DESCENT,19.06,-5.01,18.86,1,1,1,1,1,3
33.440,DESCENT,18.98,-4.99,19.20,1,1,1,1,1,3
33.460,DESCENT,18.87,-5.00,18.75,1,1,1,1,1,3
33.480,DESCENT,18.76,-5.02,18.56,1,1,1,1,1,3
33.500,DESCENT,18.67,-5.01,18.79,1,1,1,1,1,3
33.520,DESCENT,18.56,-5.03,18.43,1,1,1,1,1,3
33.540,DESCENT,18.43,-5.07,18.11,1,1,1,1,1,3
33.560,DESCENT,18.34,-5.05,18.44,1,1,1,1,1,3
33.580,DESCENT,18.24,-5.04,18.34,1,1,1,1,1,3
33.600,DESCENT,18.17,-4.99,18.59,1,1,1,1,1,3
33.620,DESCENT,18.07,-4.99,18.04,1,1,1,1,1,3
33.640,DESCENT,17.95,-5.03,17.62,1,1,1,1,1,3
33.660,DESCENT,17.82,-5.07,17.51,1,1,1,1,1,3
33.680,DESCENT,17.74,-5.04,18.04,1,1,1,1,1,3
33.700,DESCENT,17.65,-5.02,17.74,1,1,1,1,1,3
33.720,DESCENT,17.55,-5.02,17.61,1,1,1,1,1,3
33.740,DESCENT,17.46,-5.00,17.57,1,1,1,1,1,3
33.760,DESCENT,17.35,-5.03,17.16,1,1,1,1,1,3
33.780,DESCENT,17.26,-5.00,17.49,1,1,1,1,1,3
33.800,DESCENT,17.20,-4.94,17.67,1,1,1,1,1,3
33.820,DESCENT,17.11,-4.93,17.20,1,1,1,1,1,3
33.840,DESCENT,17.00,-4.95,16.85,1,1,1,1,1,3
33.860,DESCENT,16.91,-4.93,17.04,1,1,1,1,1,3
33.880,DESCENT,16.77,-5.00,16.20,1,1,1,1,1,3
33.900,DESCENT,16.67,-5.00,16.63,1,1,1,1,1,3
33.920,DESCENT,16.57,-5.00,16.58,1,1,1,1,1,3
33.940,DESCENT,16.47,-5.00,16.52,1,1,1,1,1,3
33.960,DESCENT,16.40,-4.95,16.78,1,1,1,1,1,3
33.980,DESCENT,16.30,-4.94,16.39,1,1,1,1,1,3
34.000,DESCENT,16.21,-4.94,16.24,1,1,1,1,1,3
34.020,DESCENT,16.07,-5.01,15.50,1,1,1,1,1,3
34.040,DESCENT,15.96,-5.01,15.90,1,1,1,1,1,3
34.060,DESCENT,15.86,-5.01,15.88,1,1,1,1,1,3
34.080,DESCENT,15.78,-4.99,15.98,1,1,1,1,1,3
34.100,DESCENT,15.68,-4.99,15.64,1,1,1,1,1,3
34.120,DESCENT,15.57,-5.00,15.54,1,1,1,1,1,3
34.140,DESCENT,15.47,-5.00,15.42,1,1,1,1,1,3
34.160,DESCENT,15.38,-4.98,15.55,1,1,1,1,1,3
34.180,DESCENT,15.27,-4.99,15.18,1,1,1,1,1,3
34.200,DESCENT,15.17,-5.00,15.09,1,1,1,1,1,3
34.220,DESCENT,15.06,-5.02,14.93,1,1,1,1,1,3
34.240,DESCENT,14.97,-5.01,15.04,1,1,1,1,1,3
34.260,DESCENT,14.86,-5.01,14.85,1,1,1,1,1,3
34.280,DESCENT,14.78,-4.99,14.98,1,1,1,1,1,3
34.300,DESCENT,14.67,-5.01,14.53,1,1,1,1,1,3
34.320,DESCENT,14.58,-4.99,14.70,1,1,1,1,1,3
34.340,DESCENT,14.46,-5.02,14.18,1,1,1,1,1,3
34.360,DESCENT,14.39,-4.97,14.81,1,1,1,1,1,3
34.380,DESCENT,14.30,-4.96,14.39,1,1,1,1,1,3
34.400,DESCENT,14.17,-5.01,13.79,1,1,1,1,1,3
34.420,DESCENT,14.09,-4.98,14.33,1,1,1,1,1,3
34.440,DESCENT,13.99,-4.97,14.05,1,1,1,1,1,3
34.460,DESCENT,13.93,-4.91,14.43,1,1,1,1,1,3
34.480,DESCENT,13.84,-4.89,13.95,1,1,1,1,1,3
34.500,DESCENT,13.74,-4.90,13.70,1,1,1,1,1,3
34.520,DESCENT,13.61,-4.94,13.23,1,1,1,1,1,3
34.540,DESCENT,13.52,-4.93,13.62,1,1,1,1,1,3
34.560,DESCENT,13.40,-4.96,13.16,1,1,1,1,1,3
34.580,DESCENT,13.32,-4.93,13.57,1,1,1,1,1,3
34.600,DESCENT,13.20,-4.97,12.90,1,1,1,1,1,3
34.620,DESCENT,13.09,-4.99,12.93,1,1,1,1,1,3
34.640,DESCENT,12.96,-5.04,12.53,1,1,1,1,1,3
34.660,DESCENT,12.89,-4.99,13.28,1,1,1,1,1,3
34.680,DESCENT,12.76,-5.04,12.41,1,1,1,1,1,3
34.700,DESCENT,12.66,-5.05,12.58,1,1,1,1,1,3
34.720,DESCENT,12.54,-5.08,12.32,1,1,1,1,1,3
34.740,DESCENT,12.45,-5.05,12.64,1,1,1,1,1,3
34.760,DESCENT,12.34,-5.08,12.14,1,1,1,1,1,3
34.780,DESCENT,12.22,-5.10,11.98,1,1,1,1,1,3
34.800,DESCENT,12.13,-5.09,12.26,1,1,1,1,1,3
34.820,DESCENT,12.00,-5.14,11.61,1,1,1,1,1,3
34.840,DESCENT,11.92,-5.09,12.28,1,1,1,1,1,3
34.860,DESCENT,11.80,-5.12,11.56,1,1,1,1,1,3
34.880,DESCENT,11.69,-5.14,11.55,1,1,1,1,1,3
34.900,DESCENT,11.56,-5.19,11.18,1,1,1,1,1,3
34.920,DESCENT,11.47,-5.16,11.71,1,1,1,1,1,3
34.940,DESCENT,11.38,-5.13,11.59,1,1,1,1,1,3
34.960,DESCENT,11.27,-5.14,11.17,1,1,1,1,1,3
34.980,DESCENT,11.18,-5.12,11.37,1,1,1,1,1,3
35.000,DESCENT,11.10,-5.08,11.39,1,1,1,1,1,3
35.020,DESCENT,11.02,-5.06,11.25,1,1,1,1,1,3
35.040,DESCENT,10.92,-5.05,10.93,1,1,1,1,1,3
35.060,DESCENT,10.83,-5.03,11.05,1,1,1,1,1,3
35.080,DESCENT,10.72,-5.04,10.64,1,1,1,1,1,3
35.100,DESCENT,10.64,-5.01,10.83,1,1,1,1,1,3
35.120,DESCENT,10.55,-5.00,10.65,1,1,1,1,1,3
35.140,DESCENT,10.42,-5.04,10.12,1,1,1,1,1,3
35.160,DESCENT,10.33,-5.03,10.39,1,1,1,1,1,3
35.180,DESCENT,10.22,-5.04,10.13,1,1,1,1,1,3
35.200,DESCENT,10.10,-5.08,9.80,1,1,1,1,1,3
35.220,DESCENT,10.01,-5.06,10.13,1,1,1,1,1,3
35.240,DESCENT,9.90,-5.07,9.87,1,1,1,1,1,3
35.260,DESCENT,9.82,-5.03,10.13,1,1,1,1,1,3
35.280,DESCENT,9.74,-5.00,9.97,1,1,1,1,1,3
35.300,DESCENT,9.61,-5.05,9.16,1,1,1,1,1,3
35.320,DESCENT,9.53,-5.02,9.83,1,1,1,1,1,3
35.340,DESCENT,9.45,-4.98,9.70,1,1,1,1,1,3
35.360,DESCENT,9.36,-4.96,9.56,1,1,1,1,1,3
35.380,DESCENT,9.26,-4.95,9.31,1,1,1,1,1,3
35.400,DESCENT,9.14,-5.00,8.80,1,1,1,1,1,3
35.420,DESCENT,9.04,-5.00,9.01,1,1,1,1,1,3
35.440,DESCENT,8.92,-5.04,8.61,1,1,1,1,1,3
35.460,DESCENT,8.82,-5.03,8.88,1,1,1,1,1,3
35.480,DESCENT,8.73,-5.01,8.89,1,1,1,1,1,3
35.500,DESCENT,8.65,-4.98,8.88,1,1,1,1,1,3
35.520,DESCENT,8.56,-4.97,8.67,1,1,1,1,1,3
35.540,DESCENT,8.45,-4.98,8.39,1,1,1,1,1,3
35.560,DESCENT,8.35,-4.97,8.38,1,1,1,1,1,3
35.580,DESCENT,8.24,-4.99,8.08,1,1,1,1,1,3
35.600,DESCENT,8.12,-5.03,7.81,1,1,1,1,1,3
35.620,DESCENT,8.02,-5.04,7.93,1,1,1,1,1,3
35.640,DESCENT,7.91,-5.04,7.90,1,1,1,1,1,3
35.660,DESCENT,7.80,-5.07,7.58,1,1,1,1,1,3
35.680,DESCENT,7.70,-5.07,7.71,1,1,1,1,1,3
35.700,DESCENT,7.60,-5.06,7.68,1,1,1,1,1,3
35.720,DESCENT,7.51,-5.03,7.72,1,1,1,1,1,3
35.740,DESCENT,7.45,-4.98,7.90,1,1,1,1,1,3
35.760,DESCENT,7.34,-4.98,7.31,1,1,1,1,1,3
35.780,DESCENT,7.26,-4.95,7.50,1,1,1,1,1,3
35.800,DESCENT,7.17,-4.94,7.25,1,1,1,1,1,3
35.820,DESCENT,7.08,-4.92,7.22,1,1,1,1,1,3
35.840,DESCENT,6.98,-4.93,6.93,1,1,1,1,1,3
35.860,DESCENT,6.88,-4.92,6.96,1,1,1,1,1,3
35.880,DESCENT,6.79,-4.91,6.84,1,1,1,1,1,3
35.900,DESCENT,6.72,-4.87,7.09,1,1,1,1,1,3
35.920,DESCENT,6.64,-4.84,6.84,1,1,1,1,1,3
35.940,DESCENT,6.49,-4.92,5.84,1,1,1,1,1,3
35.960,DESCENT,6.41,-4.90,6.63,1,1,1,1,1,3
35.980,DESCENT,6.31,-4.89,6.35,1,1,1,1,1,3
36.000,DESCENT,6.19,-4.93,5.88,1,1,1,1,1,3
36.020,DESCENT,6.07,-4.97,5.79,1,1,1,1,1,3
36.040,DESCENT,5.99,-4.94,6.17,1,1,1,1,1,3
36.060,DESCENT,5.88,-4.96,5.72,1,1,1,1,1,3
36.080,DESCENT,5.78,-4.97,5.73,1,1,1,1,1,3
36.100,DESCENT,5.67,-4.99,5.53,1,1,1,1,1,3
36.120,DESCENT,5.55,-5.02,5.26,1,1,1,1,1,3
36.140,DESCENT,5.48,-4.96,5.94,1,1,1,1,1,3
36.160,DESCENT,5.40,-4.93,5.65,1,1,1,1,1,3
36.180,DESCENT,5.30,-4.93,5.33,1,1,1,1,1,3
36.200,DESCENT,5.20,-4.93,5.23,1,1,1,1,1,3
36.220,DESCENT,5.11,-4.93,5.11,1,1,1,1,1,3
36.240,DESCENT,5.01,-4.92,5.04,1,1,1,1,1,3
36.260,DESCENT,4.93,-4.90,5.13,1,1,1,1,1,3
36.280,DESCENT,4.83,-4.90,4.79,1,1,1,1,1,3
36.300,DESCENT,4.69,-4.97,4.12,1,1,1,1,1,3
36.320,DESCENT,4.59,-4.97,4.58,1,1,1,1,1,3
36.340,DESCENT,4.47,-5.01,4.17,1,1,1,1,1,3
36.360,DESCENT,4.40,-4.96,4.83,1,1,1,1,1,3
36.380,DESCENT,4.30,-4.96,4.29,1,1,1,1,1,3
36.400,DESCENT,4.18,-4.99,3.87,1,1,1,1,1,3
36.420,DESCENT,4.06,-5.02,3.87,1,1,1,1,1,3
36.440,DESCENT,3.94,-5.06,3.64,1,1,1,1,1,3
36.460,DESCENT,3.84,-5.05,3.91,1,1,1,1,1,3
36.480,DESCENT,3.72,-5.08,3.47,1,1,1,1,1,3
36.500,DESCENT,3.62,-5.09,3.50,1,1,1,1,1,3
36.520,DESCENT,3.52,-5.08,3.59,1,1,1,1,1,3
36.540,DESCENT,3.41,-5.10,3.28,1,1,1,1,1,3
36.560,DESCENT,3.31,-5.09,3.43,1,1,1,1,1,3
36.580,DESCENT,3.24,-5.04,3.60,1,1,1,1,1,3
36.600,DESCENT,3.16,-5.00,3.53,1,1,1,1,1,3
36.620,DESCENT,3.10,-4.93,3.64,1,1,1,1,1,3
36.640,DESCENT,2.98,-4.97,2.66,1,1,1,1,1,3
36.660,DESCENT,2.85,-5.02,2.45,1,1,1,1,1,3
36.680,DESCENT,2.77,-4.99,3.01,1,1,1,1,1,3
36.700,DESCENT,2.68,-4.97,2.80,1,1,1,1,1,3
36.720,DESCENT,2.58,-4.98,2.55,1,1,1,1,1,3
36.740,DESCENT,2.48,-4.96,2.59,1,1,1,1,1,3
36.760,DESCENT,2.38,-4.97,2.37,1,1,1,1,1,3
36.780,DESCENT,2.29,-4.96,2.37,1,1,1,1,1,3
36.800,DESCENT,2.21,-4.92,2.53,1,1,1,1,1,3
36.820,DESCENT,2.10,-4.94,1.87,1,1,1,1,1,3
36.840,DESCENT,2.00,-4.94,2.00,1,1,1,1,1,3
36.860,DESCENT,1.88,-4.99,1.52,1,1,1,1,1,3
36.880,DESCENT,1.78,-4.98,1.84,1,1,1,1,1,3
36.900,DESCENT,1.70,-4.94,2.00,1,1,1,1,1,3
36.920,DESCENT,1.61,-4.93,1.72,1,1,1,1,1,3
36.940,DESCENT,1.51,-4.94,1.46,1,1,1,1,1,3
36.960,DESCENT,1.41,-4.94,1.42,1,1,1,1,1,3
36.980,DESCENT,1.33,-4.90,1.63,1,1,1,1,1,3
37.000,DESCENT,1.21,-4.95,0.84,1,1,1,1,1,3
37.020,DESCENT,1.12,-4.93,1.25,1,1,1,1,1,3
37.040,DESCENT,1.03,-4.91,1.22,1,1,1,1,1,3
37.060,DESCENT,0.91,-4.95,0.56,1,1,1,1,1,3
37.080,DESCENT,0.84,-4.90,1.24,1,1,1,1,1,3
37.100,DESCENT,0.75,-4.89,0.82,1,1,1,1,1,3
37.120,DESCENT,0.63,-4.93,0.32,1,1,1,1,1,3
37.140,DESCENT,0.52,-4.94,0.42,1,1,1,1,1,3
37.160,DESCENT,0.43,-4.93,0.54,1,1,1,1,1,3
37.180,DESCENT,0.33,-4.94,0.24,1,1,1,1,1,3
37.200,DESCENT,0.23,-4.94,0.22,1,1,1,1,1,3
37.220,DESCENT,0.13,-4.94,0.17,1,1,1,1,1,3
37.240,DESCENT,0.01,-4.97,-0.23,1,1,1,1,1,3
37.260,DESCENT,-0.08,-4.96,-0.03,1,1,1,1,1,3
37.280,DESCENT,-0.16,-4.92,0.14,1,1,1,1,1,3
37.300,DESCENT,-0.23,-4.88,0.15,1,1,1,1,1,3
37.320,DESCENT,-0.29,-4.81,0.28,1,1,1,1,1,3
37.340,DESCENT,-0.34,-4.73,0.29,1,1,1,1,1,3
37.360,DESCENT,-0.37,-4.62,0.53,1,1,1,1,1,3
37.380,DESCENT,-0.40,-4.51,0.46,1,1,1,1,1,3
37.400,DESCENT,-0.48,-4.49,-0.28,1,1,1,1,1,3
37.420,DESCENT,-0.52,-4.41,0.12,1,1,1,1,1,3
37.440,DESCENT,-0.56,-4.33,0.04,1,1,1,1,1,3
37.460,DESCENT,-0.57,-4.20,0.51,1,1,1,1,1,3
37.480,DESCENT,-0.57,-4.05,0.63,1,1,1,1,1,3
37.500,DESCENT,-0.63,-4.00,-0.26,1,1,1,1,1,3
37.520,DESCENT,-0.67,-3.93,-0.12,1,1,1,1,1,3
37.540,DESCENT,-0.67,-3.81,0.35,1,1,1,1,1,3
37.560,DESCENT,-0.69,-3.70,0.14,1,1,1,1,1,3
37.580,DESCENT,-0.72,-3.63,-0.12,1,1,1,1,1,3
37.600,DESCENT,-0.75,-3.56,-0.17,1,1,1,1,1,3
37.620,DESCENT,-0.78,-3.48,-0.20,1,1,1,1,1,3
37.640,DESCENT,-0.79,-3.38,0.04,1,1,1,1,1,3
37.660,DESCENT,-0.79,-3.27,0.08,1,1,1,1,1,3
37.680,DESCENT,-0.80,-3.17,-0.01,1,1,1,1,1,3
37.700,DESCENT,-0.80,-3.06,0.12,1,1,1,1,1,3
37.720,DESCENT,-0.81,-2.97,-0.08,1,1,1,1,1,3
37.740,DESCENT,-0.79,-2.84,0.29,1,1,1,1,1,3
37.760,DESCENT,-0.79,-2.73,0.05,1,1,1,1,1,3
37.780,DESCENT,-0.80,-2.65,-0.15,1,1,1,1,1,3
37.800,DESCENT,-0.80,-2.57,-0.12,1,1,1,1,1,3
37.820,DESCENT,-0.77,-2.42,0.41,1,1,1,1,1,3
37.840,DESCENT,-0.77,-2.35,-0.19,1,1,1,1,1,3
37.860,DESCENT,-0.80,-2.30,-0.43,1,1,1,1,1,3
37.880,DESCENT,-0.78,-2.19,0.12,1,1,1,1,1,3
37.900,DESCENT,-0.73,-2.03,0.52,1,1,1,1,1,3
37.920,DESCENT,-0.71,-1.92,0.21,1,1,1,1,1,3
37.940,DESCENT,-0.68,-1.82,0.14,1,1,1,1,1,3
37.960,DESCENT,-0.66,-1.72,0.14,1,1,1,1,1,3
37.980,DESCENT,-0.62,-1.58,0.52,1,1,1,1,1,3
38.000,DESCENT,-0.59,-1.48,0.22,1,1,1,1,1,3
38.020,DESCENT,-0.60,-1.44,-0.28,1,1,1,1,1,3
38.040,DESCENT,-0.57,-1.34,0.22,1,1,1,1,1,3
38.060,DESCENT,-0.51,-1.19,0.66,1,1,1,1,1,3
38.080,DESCENT,-0.48,-1.10,0.24,1,1,1,1,1,3
38.100,DESCENT,-0.47,-1.05,0.00,1,1,1,1,1,3
38.120,DESCENT,-0.46,-1.00,-0.05,1,1,1,1,1,3
38.140,DESCENT,-0.43,-0.90,0.32,1,1,1,1,1,3
38.160,DESCENT,-0.41,-0.84,0.08,1,1,1,1,1,3
38.180,DESCENT,-0.39,-0.78,0.09,1,1,1,1,1,3
38.200,DESCENT,-0.36,-0.70,0.27,1,1,1,1,1,3
38.220,DESCENT,-0.36,-0.67,-0.08,1,1,1,1,1,3
38.240,DESCENT,-0.36,-0.65,-0.23,1,1,1,1,1,3
38.260,DESCENT,-0.35,-0.61,-0.03,1,1,1,1,1,3
38.280,DESCENT,-0.34,-0.58,-0.06,1,1,1,1,1,3
38.300,DESCENT,-0.33,-0.53,0.07,1,1,1,1,1,3
38.320,DESCENT,-0.32,-0.49,-0.02,1,1,1,1,1,3
38.340,DESCENT,-0.27,-0.40,0.45,1,1,1,1,1,3
38.360,DESCENT,-0.26,-0.37,0.00,1,1,1,1,1,3
38.380,DESCENT,-0.28,-0.37,-0.33,1,1,1,1,1,3
38.400,DESCENT,-0.29,-0.38,-0.34,1,1,1,1,1,3
38.420,DESCENT,-0.26,-0.32,0.21,1,1,1,1,1,3
38.440,DESCENT,-0.26,-0.31,-0.13,1,1,1,1,1,3
38.460,DESCENT,-0.23,-0.25,0.25,1,1,1,1,1,3
38.480,DESCENT,-0.22,-0.22,0.01,1,1,1,1,1,3
38.500,DESCENT,-0.21,-0.20,-0.03,1,1,1,1,1,3
38.520,DESCENT,-0.18,-0.15,0.22,1,1,1,1,1,3
38.540,DESCENT,-0.17,-0.11,0.11,1,1,1,1,1,3
38.560,DESCENT,-0.15,-0.08,0.12,1,1,1,1,1,3
38.580,DESCENT,-0.12,-0.01,0.40,1,1,1,1,1,3
38.600,DESCENT,-0.11,0.00,0.01,1,1,1,1,1,3
38.620,DESCENT,-0.09,0.03,0.17,1,1,1,1,1,3
38.640,DESCENT,-0.05,0.09,0.46,1,1,1,1,1,3
38.660,DESCENT,-0.04,0.12,0.15,1,1,1,1,1,3
38.680,DESCENT,-0.03,0.13,0.04,1,1,1,1,1,3
38.700,DESCENT,-0.06,0.08,-0.46,1,1,1,1,1,3
38.720,DESCENT,-0.04,0.09,0.10,1,1,1,1,1,3
38.740,DESCENT,-0.01,0.15,0.43,1,1,1,1,1,3
38.760,DESCENT,-0.01,0.15,0.01,1,1,1,1,1,3
38.780,DESCENT,-0.02,0.12,-0.26,1,1,1,1,1,3
38.800,DESCENT,-0.03,0.10,-0.17,1,1,1,1,1,3
38.820,DESCENT,-0.02,0.12,0.14,1,1,1,1,1,3
38.840,DESCENT,-0.02,0.11,-0.15,1,1,1,1,1,3
38.860,DESCENT,-0.01,0.13,0.14,1,1,1,1,1,3
38.880,DESCENT,-0.03,0.08,-0.36,1,1,1,1,1,3
38.900,DESCENT,-0.03,0.08,-0.06,1,1,1,1,1,3
38.920,DESCENT,-0.03,0.09,0.02,1,1,1,1,1,3
38.940,DESCENT,-0.05,0.04,-0.42,1,1,1,1,1,3
38.960,DESCENT,-0.05,0.03,-0.13,1,1,1,1,1,3
38.980,DESCENT,-0.06,0.03,-0.10,1,1,1,1,1,3
39.000,DESCENT,-0.05,0.03,0.01,1,1,1,1,1,3
39.020,DESCENT,-0.05,0.04,0.02,1,1,1,1,1,3
39.040,DESCENT,-0.05,0.04,-0.07,1,1,1,1,1,3
39.060,DESCENT,-0.03,0.07,0.19,1,1,1,1,1,3
39.080,DESCENT,-0.01,0.11,0.30,1,1,1,1,1,3
39.100,DESCENT,0.01,0.13,0.20,1,1,1,1,1,3
39.120,DESCENT,0.02,0.15,0.16,1,1,1,1,1,3
39.140,DESCENT,0.02,0.14,-0.04,1,1,1,1,1,3
39.160,DESCENT,0.01,0.12,-0.17,1,1,1,1,1,3
39.180,DESCENT,0.01,0.11,0.00,1,1,1,1,1,3
39.200,DESCENT,-0.01,0.07,-0.33,1,1,1,1,1,3
39.220,DESCENT,0.01,0.12,0.34,1,1,1,1,1,3
39.240,DESCENT,-0.01,0.06,-0.42,1,1,1,1,1,3
39.260,DESCENT,-0.01,0.07,0.02,1,1,1,1,1,3
39.280,DESCENT,0.01,0.09,0.19,1,1,1,1,1,3
39.300,DESCENT,0.01,0.09,0.00,1,1,1,1,1,3
39.320,DESCENT,0.01,0.09,-0.01,1,1,1,1,1,3
39.340,DESCENT,0.02,0.10,0.09,1,1,1,1,1,3
39.360,DESCENT,0.02,0.10,0.06,1,1,1,1,1,3
39.380,DESCENT,0.01,0.08,-0.16,1,1,1,1,1,3
39.400,DESCENT,0.00,0.06,-0.15,1,1,1,1,1,3
39.420,DESCENT,-0.01,0.04,-0.22,1,1,1,1,1,3
39.440,DESCENT,-0.01,0.04,0.05,1,1,1,1,1,3
39.460,DESCENT,0.00,0.06,0.16,1,1,1,1,1,3
39.480,DESCENT,0.03,0.10,0.32,1,1,1,1,1,3
39.500,DESCENT,0.03,0.10,0.04,1,1,1,1,1,3
39.520,DESCENT,0.02,0.09,-0.07,1,1,1,1,1,3
39.540,DESCENT,0.04,0.11,0.17,1,1,1,1,1,3
39.560,DESCENT,0.03,0.10,-0.03,1,1,1,1,1,3
39.580,DESCENT,0.05,0.13,0.32,1,1,1,1,1,3
39.600,DESCENT,0.05,0.12,-0.08,1,1,1,1,1,3
39.620,DESCENT,0.05,0.11,-0.03,1,1,1,1,1,3
39.640,DESCENT,0.08,0.16,0.49,1,1,1,1,1,3
39.660,DESCENT,0.07,0.15,-0.01,1,1,1,1,1,3
39.680,DESCENT,0.06,0.11,-0.25,1,1,1,1,1,3
39.700,DESCENT,0.09,0.16,0.49,1,1,1,1,1,3
39.720,DESCENT,0.09,0.16,0.07,1,1,1,1,1,3
39.740,DESCENT,0.08,0.15,-0.01,1,1,1,1,1,3
39.760,DESCENT,0.08,0.13,-0.05,1,1,1,1,1,3
39.780,DESCENT,0.08,0.13,0.06,1,1,1,1,1,3
39.800,DESCENT,0.08,0.13,0.07,1,1,1,1,1,3
39.820,DESCENT,0.07,0.10,-0.13,1,1,1,1,1,3
39.840,DESCENT,0.08,0.11,0.13,1,1,1,1,1,3
39.860,DESCENT,0.08,0.12,0.17,1,1,1,1,1,3
39.880,DESCENT,0.10,0.14,0.25,1,1,1,1,1,3
39.900,DESCENT,0.12,0.16,0.32,1,1,1,1,1,3
39.920,DESCENT,0.12,0.16,0.08,1,1,1,1,1,3
39.940,DESCENT,0.11,0.15,0.01,1,1,1,1,1,3
39.960,DESCENT,0.11,0.15,0.11,1,1,1,1,1,3
39.980,DESCENT,0.11,0.13,0.02,1,1,1,1,1,3
40.000,DESCENT,0.10,0.10,-0.15,1,1,1,1,1,3
40.020,LANDED,0.11,0.12,0.24,1,1,1,1,1,3
40.040,LANDED,0.09,0.09,-0.16,1,1,1,1,1,3
40.060,LANDED,0.09,0.09,0.10,1,1,1,1,1,3
40.080,LANDED,0.08,0.06,-0.16,1,1,1,1,1,3
40.100,LANDED,0.07,0.04,-0.09,1,1,1,1,1,3
40.120,LANDED,0.08,0.05,0.17,1,1,1,1,1,3
40.140,LANDED,0.05,0.01,-0.30,1,1,1,1,1,3
40.160,LANDED,0.06,0.03,0.20,1,1,1,1,1,3
40.180,LANDED,0.07,0.04,0.22,1,1,1,1,1,3
40.200,LANDED,0.06,0.02,-0.15,1,1,1,1,1,3
40.220,LANDED,0.05,0.01,-0.02,1,1,1,1,1,3
40.240,LANDED,0.03,-0.03,-0.25,1,1,1,1,1,3
40.260,LANDED,0.04,-0.02,0.08,1,1,1,1,1,3
40.280,LANDED,0.04,-0.01,0.13,1,1,1,1,1,3
40.300,LANDED,0.01,-0.06,-0.39,1,1,1,1,1,3
40.320,LANDED,0.01,-0.06,0.05,1,1,1,1,1,3
40.340,LANDED,0.03,-0.03,0.21,1,1,1,1,1,3
40.360,LANDED,0.03,-0.02,0.11,1,1,1,1,1,3
40.380,LANDED,0.05,0.02,0.38,1,1,1,1,1,3
40.400,LANDED,0.04,-0.01,-0.16,1,1,1,1,1,3
40.420,LANDED,0.03,-0.02,-0.05,1,1,1,1,1,3
40.440,LANDED,0.03,-0.03,-0.09,1,1,1,1,1,3
40.460,LANDED,0.03,-0.02,0.17,1,1,1,1,1,3
40.480,LANDED,0.02,-0.04,-0.18,1,1,1,1,1,3
40.500,LANDED,0.03,-0.02,0.18,1,1,1,1,1,3
40.520,LANDED,0.03,-0.02,0.07,1,1,1,1,1,3
40.540,LANDED,0.01,-0.05,-0.28,1,1,1,1,1,3
40.560,LANDED,-0.02,-0.10,-0.38,1,1,1,1,1,3
40.580,LANDED,0.00,-0.07,0.20,1,1,1,1,1,3
40.600,LANDED,-0.01,-0.08,-0.04,1,1,1,1,1,3
40.620,LANDED,0.00,-0.07,0.07,1,1,1,1,1,3
40.640,LANDED,0.00,-0.06,0.07,1,1,1,1,1,3
40.660,LANDED,-0.01,-0.07,-0.13,1,1,1,1,1,3
40.680,LANDED,-0.03,-0.11,-0.31,1,1,1,1,1,3
40.700,LANDED,-0.08,-0.19,-0.71,1,1,1,1,1,3
40.720,LANDED,-0.07,-0.17,0.07,1,1,1,1,1,3
40.740,LANDED,-0.08,-0.18,-0.20,1,1,1,1,1,3
40.760,LANDED,-0.12,-0.23,-0.53,1,1,1,1,1,3
40.780,LANDED,-0.11,-0.22,0.05,1,1,1,1,1,3
40.800,LANDED,-0.10,-0.19,0.12,1,1,1,1,1,3
40.820,LANDED,-0.09,-0.17,0.04,1,1,1,1,1,3
40.840,LANDED,-0.09,-0.16,0.02,1,1,1,1,1,3
40.860,LANDED,-0.11,-0.19,-0.37,1,1,1,1,1,3
40.880,LANDED,-0.08,-0.14,0.34,1,1,1,1,1,3
40.900,LANDED,-0.09,-0.14,-0.12,1,1,1,1,1,3
40.920,LANDED,-0.08,-0.13,0.05,1,1,1,1,1,3
40.940,LANDED,-0.10,-0.15,-0.32,1,1,1,1,1,3
40.960,LANDED,-0.09,-0.12,0.14,1,1,1,1,1,3
40.980,LANDED,-0.06,-0.08,0.28,1,1,1,1,1,3
41.000,LANDED,-0.08,-0.11,-0.30,1,1,1,1,1,3
41.020,LANDED,-0.06,-0.07,0.26,1,1,1,1,1,3
41.040,LANDED,-0.06,-0.07,-0.03,1,1,1,1,1,3
41.060,LANDED,-0.05,-0.04,0.16,1,1,1,1,1,3
41.080,LANDED,-0.05,-0.04,-0.03,1,1,1,1,1,3
41.100,LANDED,-0.05,-0.04,-0.09,1,1,1,1,1,3
41.120,LANDED,-0.03,-0.01,0.27,1,1,1,1,1,3
41.140,LANDED,-0.03,-0.01,-0.08,1,1,1,1,1,3
41.160,LANDED,0.00,0.04,0.42,1,1,1,1,1,3
41.180,LANDED,0.01,0.06,0.19,1,1,1,1,1,3
41.200,LANDED,0.03,0.09,0.22,1,1,1,1,1,3
41.220,LANDED,0.04,0.12,0.27,1,1,1,1,1,3
41.240,LANDED,0.03,0.10,-0.11,1,1,1,1,1,3
41.260,LANDED,0.04,0.11,0.15,1,1,1,1,1,3
41.280,LANDED,0.03,0.09,-0.16,1,1,1,1,1,3
41.300,LANDED,0.05,0.11,0.27,1,1,1,1,1,3
41.320,LANDED,0.05,0.11,0.00,1,1,1,1,1,3
41.340,LANDED,0.05,0.11,0.09,1,1,1,1,1,3
41.360,LANDED,0.04,0.09,-0.17,1,1,1,1,1,3
41.380,LANDED,0.07,0.13,0.44,1,1,1,1,1,3
41.400,LANDED,0.05,0.09,-0.32,1,1,1,1,1,3
41.420,LANDED,0.07,0.13,0.41,1,1,1,1,1,3
41.440,LANDED,0.09,0.16,0.32,1,1,1,1,1,3
41.460,LANDED,0.11,0.19,0.33,1,1,1,1,1,3
41.480,LANDED,0.12,0.19,0.17,1,1,1,1,1,3
41.500,LANDED,0.09,0.14,-0.29,1,1,1,1,1,3
41.520,LANDED,0.10,0.16,0.21,1,1,1,1,1,3
41.540,LANDED,0.13,0.19,0.39,1,1,1,1,1,3
41.560,LANDED,0.13,0.19,0.12,1,1,1,1,1,3
41.580,LANDED,0.14,0.20,0.21,1,1,1,1,1,3
41.600,LANDED,0.12,0.16,-0.18,1,1,1,1,1,3
41.620,LANDED,0.09,0.11,-0.31,1,1,1,1,1,3
41.640,LANDED,0.14,0.19,0.76,1,1,1,1,1,3
41.660,LANDED,0.12,0.14,-0.27,1,1,1,1,1,3
41.680,LANDED,0.13,0.16,0.34,1,1,1,1,1,3
41.700,LANDED,0.15,0.18,0.32,1,1,1,1,1,3
41.720,LANDED,0.13,0.14,-0.21,1,1,1,1,1,3
41.740,LANDED,0.11,0.10,-0.19,1,1,1,1,1,3
41.760,LANDED,0.11,0.10,0.07,1,1,1,1,1,3
41.780,LANDED,0.10,0.09,-0.02,1,1,1,1,1,3
41.800,LANDED,0.06,0.01,-0.54,1,1,1,1,1,3
41.820,LANDED,0.07,0.03,0.20,1,1,1,1,1,3
41.840,LANDED,0.05,-0.02,-0.28,1,1,1,1,1,3
41.860,LANDED,0.05,-0.01,0.12,1,1,1,1,1,3
41.880,LANDED,0.04,-0.03,-0.14,1,1,1,1,1,3
41.900,LANDED,0.07,0.02,0.50,1,1,1,1,1,3
41.920,LANDED,0.11,0.09,0.66,1,1,1,1,1,3
41.940,LANDED,0.11,0.08,0.02,1,1,1,1,1,3
41.960,LANDED,0.10,0.06,-0.06,1,1,1,1,1,3
41.980,LANDED,0.07,0.02,-0.23,1,1,1,1,1,3
42.000,LANDED,0.06,-0.01,-0.20,1,1,1,1,1,3
42.020,LANDED,0.05,-0.02,-0.02,1,1,1,1,1,3
42.040,LANDED,0.04,-0.03,-0.11,1,1,1,1,1,3
42.060,LANDED,0.03,-0.05,-0.05,1,1,1,1,1,3
42.080,LANDED,0.02,-0.07,-0.18,1,1,1,1,1,3
42.100,LANDED,0.01,-0.08,-0.10,1,1,1,1,1,3
42.120,LANDED,-0.02,-0.13,-0.41,1,1,1,1,1,3
42.140,LANDED,0.00,-0.09,0.37,1,1,1,1,1,3
42.160,LANDED,0.01,-0.07,0.11,1,1,1,1,1,3
42.180,LANDED,0.02,-0.05,0.22,1,1,1,1,1,3
42.200,LANDED,0.04,-0.02,0.25,1,1,1,1,1,3
42.220,LANDED,0.03,-0.03,-0.03,1,1,1,1,1,3
42.240,LANDED,0.02,-0.05,-0.17,1,1,1,1,1,3
42.260,LANDED,0.04,-0.02,0.33,1,1,1,1,1,3
42.280,LANDED,0.04,-0.01,0.07,1,1,1,1,1,3
42.300,LANDED,0.04,-0.01,0.09,1,1,1,1,1,3
42.320,LANDED,0.05,0.01,0.16,1,1,1,1,1,3
42.340,LANDED,0.04,-0.02,-0.15,1,1,1,1,1,3
42.360,LANDED,0.04,0.00,0.15,1,1,1,1,1,3
42.380,LANDED,0.04,-0.01,-0.03,1,1,1,1,1,3
42.400,LANDED,0.05,0.01,0.27,1,1,1,1,1,3
42.420,LANDED,0.07,0.04,0.28,1,1,1,1,1,3
42.440,LANDED,0.07,0.04,0.04,1,1,1,1,1,3
42.460,LANDED,0.05,0.01,-0.20,1,1,1,1,1,3
42.480,LANDED,0.03,-0.03,-0.27,1,1,1,1,1,3
42.500,LANDED,0.05,0.01,0.38,1,1,1,1,1,3
42.520,LANDED,0.03,-0.02,-0.23,1,1,1,1,1,3
42.540,LANDED,0.04,-0.01,0.13,1,1,1,1,1,3
42.560,LANDED,0.07,0.04,0.46,1,1,1,1,1,3
42.580,LANDED,0.06,0.01,-0.13,1,1,1,1,1,3
42.600,LANDED,0.06,0.02,0.14,1,1,1,1,1,3
42.620,LANDED,0.03,-0.03,-0.43,1,1,1,1,1,3
42.640,LANDED,0.02,-0.04,-0.04,1,1,1,1,1,3
42.660,LANDED,0.00,-0.07,-0.25,1,1,1,1,1,3
42.680,LANDED,-0.01,-0.10,-0.19,1,1,1,1,1,3
42.700,LANDED,-0.02,-0.11,-0.17,1,1,1,1,1,3
42.720,LANDED,0.01,-0.06,0.46,1,1,1,1,1,3
42.740,LANDED,0.01,-0.06,0.00,1,1,1,1,1,3
42.760,LANDED,0.02,-0.03,0.22,1,1,1,1,1,3
42.780,LANDED,0.03,-0.02,0.15,1,1,1,1,1,3
42.800,LANDED,0.02,-0.02,0.00,1,1,1,1,1,3
42.820,LANDED,0.01,-0.05,-0.23,1,1,1,1,1,3
42.840,LANDED,0.01,-0.04,0.09,1,1,1,1,1,3
42.860,LANDED,-0.01,-0.08,-0.28,1,1,1,1,1,3
42.880,LANDED,0.00,-0.06,0.15,1,1,1,1,1,3
42.900,LANDED,0.00,-0.06,-0.06,1,1,1,1,1,3
42.920,LANDED,-0.02,-0.09,-0.18,1,1,1,1,1,3
42.940,LANDED,-0.02,-0.08,0.02,1,1,1,1,1,3
42.960,LANDED,-0.01,-0.06,0.12,1,1,1,1,1,3
42.980,LANDED,-0.01,-0.06,0.04,1,1,1,1,1,3
43.000,LANDED,-0.01,-0.06,0.00,1,1,1,1,1,3
43.020,LANDED,-0.02,-0.08,-0.18,1,1,1,1,1,3
43.040,LANDED,-0.06,-0.14,-0.54,1,1,1,1,1,3
43.060,LANDED,-0.08,-0.17,-0.37,1,1,1,1,1,3
43.080,LANDED,-0.08,-0.17,-0.01,1,1,1,1,1,3
43.100,LANDED,-0.07,-0.15,0.03,1,1,1,1,1,3
43.120,LANDED,-0.08,-0.16,-0.13,1,1,1,1,1,3
43.140,LANDED,-0.07,-0.14,0.11,1,1,1,1,1,3
43.160,LANDED,-0.05,-0.10,0.24,1,1,1,1,1,3
43.180,LANDED,-0.03,-0.06,0.28,1,1,1,1,1,3
43.200,LANDED,-0.05,-0.09,-0.25,1,1,1,1,1,3
43.220,LANDED,-0.06,-0.10,-0.19,1,1,1,1,1,3
